date,gdp,gnp,potential_gdp,real_gdp,real_gnp,real_potential_gdp,real_gdp_nfb,potential_lf,potential_lf_prod,potential_lfpr,natural_unemployment_rate,underlying_lt_unemployment_rate,output_gap,nfb_real_potential_gdp,nfb_potential_hrs_worked,nfb_index_capital_services,nfb_potential_tfp,nfb_potential_lab_prod,nfb_capital_share,pce_price_index,core_pce_price_index,cpiu,core_cpiu,chained_cpiu,gdp_price_index,eci_wages_salaries,oil_rac_imported,oil_price_wti_spot,nat_gas_price_henry_hub,house_price_index_fhfa,exchange_rate_export_weighted,unemployment_rate,labor_force,lfpr_16yo,empl_civ_16yo,empl_payroll_nf,output_per_hr_nfb,hours_nfb,population_civ_16yo,households,treasury_note_rate_10yr,treasury_bill_rate_3mo,fed_funds_rate,personal_income,compensation,wages_and_salaries,nonwage_income,prop_inc_farm_adj,prop_inc_nonfarm_adj,rental_inc_adj,interest_inc_pers,dividend_inc_pers,corp_profits_adj,corp_profits_domestic_adj,pce,gross_pri_dom_invest,nonres_fixed_invest,res_fixed_invest,change_pri_inv,government_c_gi,federal_government_c_gi,sl_government_c_gi,net_exports,exports,imports,current_account_balance,real_pce,real_gross_pri_dom_invest,real_nonres_fixed_invest,real_res_fixed_invest,real_change_pri_invest,real_government_c_gi,real_federal_government_c_gi,real_sl_government_c_gi,real_net_exports,real_exports,real_imports
1949,272.475,273.775,277.4335103,2106.575,2121.2,2145.066948,1360.25,61.32983063,34.97497817,58.98437621,5.264786296,5.264786296,-1.774486369,1391.095449,45.97662785,11.15607381,39.95331631,16.26587484,0.325,13.12175,NA,23.80916667,NA,NA,12.942,NA,NA,NA,NA,NA,NA,6.05,61.39475,59.03597803,57.68258333,43.83375,24.87525,45.42225,103.9943333,NA,NA,1.115,NA,211.075,144.35,134.725,60.375,11.975,22.7,7.8,10.675,7.225,29.05,27.925,178.3,39.0995,26.94975,14.841,-2.6915,49.808,30.42275,19.3855,5.25,14.475,9.25,0.875,1359.1,206.676,121.01025,143.70675,-13.186,611.0555,296.34825,296.982,5.85,71.6,65.75
1950,299.825,301.3,295.9392209,2289.55,2305.65,2260.584882,1497.75,61.70617647,36.63404843,59.01860331,5.29125475,5.29125475,1.253579853,1462.551399,46.76003864,11.51126602,41.12449444,16.81495686,0.325,13.27775,NA,24.0625,NA,NA,13.06425,NA,NA,NA,NA,NA,NA,5.208333333,62.12166667,59.16546235,58.89166667,45.28225,26.521,46.88375,104.9960833,NA,NA,1.203333333,NA,233.75,158.275,147.25,66.95,12.85,24.65,8.775,11.825,8.85,36.05,34.775,192.025,56.5305,30.0175,20.74375,5.7695,50.5145,29.418,21.097,0.725,12.35,11.6,-1.85,1446.375,287.90625,132.03725,196.028,24.9255,613.521,283.0615,321.07975,-15,62.7,77.7
1951,346.925,348.8,334.5595004,2473.775,2493.15,2385.583512,1608.675,61.95659411,38.50340837,59.05680222,5.317979476,5.317979476,3.696468485,1539.577077,47.49423683,11.94814072,42.3300041,17.42681701,0.325,14.18225,NA,25.97333333,NA,NA,13.94975,NA,NA,NA,NA,NA,NA,3.283333333,62.01666667,59.27676066,59.96675,47.92575,27.21325,49.09675,104.6220833,NA,NA,1.5175,NA,264.2,185.725,171.6,73.725,15.3,27.275,9.725,12.85,8.575,41.2,39.45,208.325,62.7575,34.187,18.66125,9.90925,73.3035,49.9475,23.3565,2.5,17.1,14.6,0.9,1469,288.59975,137.52925,164.5535,34.5825,838.899,462.01925,323.54575,-3.925,76.85,80.775
1952,367.325,369.325,359.5153149,2574.9,2594.95,2520.15459,1657.5,62.41183883,40.37807505,59.0964652,5.34208873,5.34208873,2.1724828,1621.469186,48.39541083,12.34057546,43.5382566,18.01202033,0.325,14.47275,NA,26.56666667,NA,NA,14.25375,NA,NA,NA,NA,NA,NA,3.025,62.15266667,59.06453352,60.27241667,48.90266667,27.72975,49.63775,105.2289167,NA,NA,1.7225,NA,282.475,201.075,185.65,76.425,14.3,28.725,10.825,14,8.575,39.65,37.775,219.35,57.27325,34.901,18.85825,3.51425,89.5835,64.815,24.768,1.175,16.45,15.3,0.575,1515.4,265.027,137.4075,161.84125,13.91025,1004.59275,593.02725,328.77325,-14.3,73.55,87.85
1953,389.225,391.125,380.1878503,2695.625,2715.075,2632.910555,1740.975,63.18284466,41.67031352,59.13470887,5.360816261,5.360816261,2.396928979,1689.838563,49.211948,12.71467709,44.42779823,18.4604821,0.325,14.66325,NA,26.76833333,NA,NA,14.43625,NA,NA,NA,NA,NA,NA,2.925,63.056,58.90168068,61.20625,50.30366667,28.40875,50.89675,107.0549167,NA,NA,1.890833333,NA,299.2,215.225,198.975,78.55,12.15,29.825,12.05,15.65,8.875,40.275,38.5,232.75,60.41475,38.7675,19.699,1.948,96.7645,70.27425,26.4905,-0.725,15.325,16,-1.3,1587.25,279.9185,151.17825,167.85275,8.67075,1073.1905,637.979,344.78425,-27.525,68.6,96.125
1954,390.525,392.625,395.2582563,2680.025,2700.55,2712.536597,1714.7,64.05395666,42.34715049,59.16873904,5.374365613,5.374365613,-1.201910847,1739.013628,49.7366344,13.07586664,44.9781252,18.79748036,0.325,14.78675,NA,26.865,NA,NA,14.5835,NA,NA,NA,NA,NA,NA,5.591666667,63.67208333,58.78155939,60.10658333,49.08725,28.9665,49.163,108.32075,NA,2.401666667,0.938333333,NA,302.225,214.125,197.275,81.85,11.775,30.5,13.05,17.25,9.275,39.45,37.525,239.625,58.069,38.565,21.44175,-1.93775,92.46725,63.2555,29.21175,0.4,15.825,15.45,0.15,1620.4,268.91125,148.996,181.96375,-8.3085,1004.16775,560.85725,374.5955,-19.425,71.925,91.35
1955,425.475,427.925,412.2034191,2871.2,2893.975,2781.764898,1860,64.8964452,42.8641204,59.19563369,5.3849255,5.3849255,3.210443957,1783.328422,50.12630017,13.50235819,45.43376283,19.12664129,0.325,14.8445,NA,26.79583333,NA,NA,14.78975,NA,NA,NA,NA,NA,NA,4.366666667,64.96433333,59.22686495,62.1305,50.73683333,30.20525,51.14225,109.6834167,NA,2.816666667,1.725,1.785,324.175,230.575,212.175,86.95,10.725,33.525,13.4,18.825,10.475,50.175,47.825,258.3,73.75475,43.3635,25.40375,4.988,92.958,61.0155,31.94275,0.45,17.65,17.2,0.375,1739.95,331.0765,165.08625,211.20575,20.62575,971.60825,516.11825,401.4135,-22.8,79.6,102.4
1956,449.35,452.125,437.6111052,2932.4,2957.1,2855.784024,1894.825,65.6974689,43.46809242,59.2126658,5.394709114,5.394709114,2.682591603,1832.422703,50.48857804,14.02741613,45.89732971,19.51214538,0.325,15.14,NA,27.19083333,NA,NA,15.29625,NA,NA,NA,NA,NA,NA,4.125,66.53733333,59.96866904,63.79241667,52.46833333,30.029,52.40575,110.9538333,NA,3.1825,2.6275,2.728333333,347.925,249.275,229.05,91.825,10.6,35.225,13.675,21.025,11.3,49.625,46.825,271.125,77.68375,49.7475,23.98725,3.949,98.17975,63.11475,35.065,2.35,21.3,18.925,2.65,1790.8,330.169,176.2615,194.464,15.409,973.88725,509.19325,414.35275,-17.95,92.75,110.7
1957,474.05,477.1,466.08877,2994.125,3020.1,2943.714549,1932.625,66.50422486,44.26266618,59.21803634,5.405755345,5.405755345,1.72127241,1891.127735,50.91372405,14.52594894,46.54219305,19.96896345,0.325,15.60025,NA,28.11333333,28.93333333,NA,15.83075,NA,NA,NA,NA,NA,NA,4.3,66.94225,59.6287678,64.06483333,52.95708333,30.80325,52.112,112.2655,NA,3.6475,3.225,3.105,368,262.575,239.95,97.3,10.525,37.25,14.075,23.7,11.75,49.15,46.025,286.325,76.50475,53.0965,22.631,0.77725,107.16275,68.4535,38.70925,4.075,24.025,19.95,4.725,1835.2,317.81075,179.3545,182.9845,3.7865,1018.739,529.12475,438.60325,-14.5,100.825,115.325
1958,481.225,483.85,493.5913191,2971.975,2994.675,3048.518841,1894.575,67.37006276,45.24925613,59.21158978,5.420648451,5.420648451,-2.520860553,1961.216011,51.47056534,14.92200331,47.47299551,20.48488926,0.325,15.96925,NA,28.88083333,29.59166667,NA,16.19925,NA,NA,NA,NA,NA,NA,6.841666667,67.67008333,59.50354743,63.043,51.42483333,31.514,49.92475,113.7245,NA,3.315833333,1.770833333,1.5725,378.95,264.675,241.3,102.2,12.4,37.725,14.825,25.65,11.6,43.875,41.35,295.6,70.94875,48.4915,22.8225,-0.3655,114.138,71.521,42.61725,0.55,20.55,20.025,0.8,1851.1,294.785,162.65,184.98575,-0.96125,1052.8725,531.92325,475.44625,-33.625,87.2,120.825
1959,521.65,524.425,519.7924974,3178.2,3201.7,3166.84512,2052.375,68.30989979,46.35865413,59.19520433,5.441163303,5.441163303,0.361294928,2039.596408,52.11854219,15.35168106,48.52800106,21.03863868,0.325,16.20725,16.89,29.15,30.175,NA,16.4125,NA,NA,NA,NA,NA,NA,5.45,68.35933333,59.27234456,64.6285,53.37216667,32.6265,52.2425,115.3305,NA,4.333333333,3.385833333,3.305,402.875,285.825,259.85,106.65,10.075,40.3,15.55,28.125,12.6,55.525,52.8,317.1,85.66925,53.124,28.62825,3.917,118.4575,73.57875,44.879,0.375,22.725,22.325,-1.275,1956.725,351.41525,175.76875,231.36125,18.007,1079.60575,542.6015,491.7305,-37.35,96.175,133.525
1960,542.375,545.525,548.5221673,3259.975,3285.475,3296.754293,2088.475,69.27568945,47.58757807,59.17274842,5.466525732,5.466525732,-1.099072504,2123.646477,52.78984027,15.85082588,49.57477377,21.62709576,0.325,16.47325,17.1915,29.585,30.64166667,NA,16.6365,NA,NA,NA,NA,NA,NA,5.541666667,69.65866667,59.41216644,65.7845,54.29391667,33.0125,52.53975,117.2449167,NA,4.116666667,2.883333333,3.215833333,422.15,301.275,272.85,111.525,10.625,39.95,16.45,31.15,13.35,54.675,51.525,331.175,86.478,56.38925,26.85575,3.233,120.52,72.87475,47.64525,4.225,27.05,22.85,3.175,2010.4,352.709,185.461,215.57675,15.29925,1086.40425,533.673,513.08925,-22.45,112.85,135.3
1961,562.2,565.725,576.4619374,3343.55,3371.325,3428.470379,2133.875,70.20917177,48.83093191,59.14965501,5.495042692,5.495042692,-2.487310065,2207.312517,53.42933826,16.3428124,50.60537698,22.21013119,0.325,16.644,17.40425,29.90166667,31,NA,16.814,NA,NA,NA,NA,NA,NA,6.691666667,70.44991667,59.31690775,65.74425,54.10283333,34.092,51.9795,118.7701667,NA,3.8825,2.354166667,1.955,440.575,310.4,280.525,117.725,11.225,41.975,17.2,33.425,13.9,55.925,52.65,341.475,86.5835,56.59875,27.011,2.974,129.23725,77.379,51.858,4.925,27.6,22.7,4.2,2051.65,353.83775,186.9125,216.489,13.7255,1145.1675,559.99875,544.54725,-20.975,113.45,134.425
1962,603.925,608.025,607.3939207,3548.425,3579.475,3568.791036,2279.875,71.20342541,50.11950796,59.13228212,5.527718868,5.527718868,-0.568400903,2296.386268,54.10584634,16.90939748,51.64641429,22.81738035,0.325,16.839,17.64025,30.25333333,31.4,NA,17.0185,NA,NA,NA,NA,NA,NA,5.566666667,70.61941667,58.77524428,66.70166667,55.65958333,35.6445,53.12325,120.1529167,NA,3.945833333,2.773333333,2.708333333,468.85,332.2,299.35,125.425,11.25,44.025,18.05,37.05,15.05,64.05,60.275,362.55,96.977,61.233,29.643,6.101,140.28675,85.51825,54.7685,4.1,29.075,24.975,3.8,2153.1,395.89575,202.044,237.203,28.30175,1220.14875,610.31525,560.50775,-30.475,119.175,149.65
1963,637.45,641.95,640.6727774,3702.95,3736.05,3721.708164,2384.4,72.36149147,51.43041754,59.12725987,5.567224597,5.567224597,-0.508430293,2395.036071,54.90122787,17.54625594,52.70865968,23.45273222,0.325,17.0405,17.876,30.63333333,31.80833333,NA,17.21375,NA,NA,NA,NA,NA,NA,5.641666667,71.81216667,58.66216308,67.7595,56.76675,36.85925,53.72275,122.41625,NA,4.0025,3.159166667,3.178333333,492.775,350.425,314.85,131.85,11,45.425,18.7,40.475,16.25,70.525,66.425,382.025,103.285,64.80925,32.8545,5.621,147.193,87.87525,59.318,4.95,31.075,26.15,4.95,2241.9,422.77,213.78575,264.98175,26.18575,1249.68075,611.753,593.2145,-26,127.675,153.675
1964,684.45,689.375,678.9529617,3916.275,3951.925,3884.811252,2543.525,73.58983711,52.7882359,59.14098806,5.614115804,5.614115804,0.810475919,2501.300724,55.74513678,18.27076872,53.79275297,24.12247389,0.325,17.28725,18.145,31.03833333,32.3,NA,17.476,NA,NA,NA,NA,NA,NA,5.158333333,73.07725,58.70412666,69.30141667,58.39441667,37.9025,55.732,124.4848333,NA,4.186666667,3.546666667,3.496666667,528.2,375.975,337.775,141.1,9.775,49.35,18.825,44.95,18.2,77.7,73.25,410.625,112.15175,72.2295,35.1005,4.822,154.76325,90.256,64.507,6.9,35.025,28.1,7.475,2375.35,456.115,236.7135,280.89925,22.31575,1280.30275,609.40175,632.8055,-19.1,142.775,161.875
1965,742.3,747.55,721.9458518,4170.75,4208.075,4056.607977,2726.5,74.77348937,54.2501326,59.17934302,5.6655605,5.6655605,2.801753491,2615.769782,56.55195881,19.15119117,54.89914352,24.86650797,0.325,17.53625,18.3735,31.52833333,32.73333333,NA,17.79625,NA,NA,NA,NA,NA,NA,4.508333333,74.424,58.8266884,71.07033333,60.87875,39.1115,57.89025,126.51325,55.79998489,4.2825,3.949166667,4.075,570.675,405.4,363.75,152.5,12.025,51.625,19.35,49.3,20.2,89.275,84.575,442.95,129.64575,85.23575,35.16275,9.247,164.05325,93.1955,70.85775,5.625,37.175,31.525,6.175,2526.025,519.242,276.2665,273.71825,42.5385,1321.27325,613.966,674.70975,-32.325,146.75,179.075
1966,813.4,818.475,775.5674604,4445.85,4481.575,4238.872418,2922.525,75.90221134,55.84458594,59.24755587,5.71655875,5.71655875,4.888910293,2739.88896,57.31712346,20.19081398,56.02828991,25.69869094,0.325,17.97925,18.785,32.47083333,33.55,NA,18.2945,NA,NA,NA,NA,NA,NA,3.791666667,75.74458333,59.14809814,72.878,64.025,40.524,59.89675,128.0576667,56.74649971,4.923333333,4.8625,5.111666667,620.325,449.25,400.325,162.825,13.025,54.925,19.9,54.3,20.675,96.125,91.6,479.925,144.1875,97.17325,33.3785,13.636,185.4445,106.57525,78.8695,3.875,40.95,37.05,3.8,2669.25,565.87225,310.184,250.748,60.95025,1436.388,679.20325,716.6225,-48.8,156.875,205.675
1967,859.95,865.35,833.9312014,4567.8,4604.625,4429.381441,2977.25,77.11645629,57.435518,59.35015367,5.7639075,5.7639075,3.131744449,2871.078876,58.14879335,21.22593996,57.1806602,26.54396512,0.325,18.431,19.3595,33.375,34.70833333,NA,18.82525,NA,NA,NA,NA,NA,NA,3.841666667,77.34766667,59.55504519,74.37583333,65.93541667,41.29075,59.8835,129.8734167,57.70434778,5.073333333,4.306666667,4.22,665.725,481.775,429,170.8,11.625,57.85,20.35,59.45,21.525,93.875,89.075,506.675,142.6985,99.20625,33.627,9.865,207.01775,120.00575,87.01225,3.55,43.45,39.9,3.5,2749.05,546.075,309.1195,244.20625,43.809,1550.396,748.11025,752.425,-60.2,160.475,220.675
1968,940.625,946.725,908.6445337,4792.325,4831.775,4629.255029,3135.875,78.52892029,58.94745469,59.49084446,5.809506255,5.809506255,3.525281644,3008.455867,59.12612536,22.22887786,58.35673203,27.35421048,0.325,19.1525,20.1945,34.79166667,36.325,NA,19.62675,NA,NA,NA,NA,NA,NA,3.558333333,78.71041667,59.61661826,75.913,68.02666667,42.736,60.94025,132.0273333,59.13568767,5.645833333,5.338333333,5.659166667,730.925,530.75,471.95,182.75,11.65,62.175,20.1,65.275,23.55,101.725,96.1,556.85,156.9185,107.668,40.19925,9.052,225.52575,127.96225,97.56325,1.35,47.925,46.55,1.525,2907.45,578.7155,323.9545,277.26625,39.803,1603.1645,759.5185,797.4605,-80.375,173.2,253.575
1969,1017.6,1023.75,994.3562347,4942.075,4980.675,4828.584739,3232.125,80.18930206,60.21311424,59.67226891,5.85771566,5.85771566,2.359735664,3148.242145,60.14210864,23.28315243,59.46492467,28.1418736,0.325,20.01525,21.136,36.68333333,38.41666667,NA,20.59,NA,NA,NA,NA,NA,NA,3.491666667,80.70508333,60.07686839,77.87491667,70.51483333,42.81925,62.69125,134.3345,60.39555805,6.670833333,6.666666667,8.204166667,800.35,584.45,518.35,197.65,12.825,64.175,20.325,76.075,24.25,98.4,91.825,603.625,173.5615,120.01325,44.37525,9.173,238.98425,131.19325,107.79075,1.4,51.925,50.5,1.6,3015.925,610.948,346.47425,285.968,39.14325,1604.8145,740.616,825.1805,-86.375,181.625,268
1970,1073.325,1079.7,1084.291909,4951.275,4989.55,5001.342119,3227.95,82.16694441,60.86732959,59.89562835,5.911387842,5.911387842,-0.994048491,3273.693059,61.05203378,24.27891797,60.35341767,28.82735067,0.325,20.95075,22.126,38.84166667,40.81666667,NA,21.676,NA,NA,NA,NA,NA,99.30309414,4.983333333,82.79608333,60.39755638,78.66875,71.00741667,43.4555,61.69825,137.0856667,61.73539112,7.348333333,6.391666667,7.183333333,865.025,623.35,551.575,213.4,12.9,64.875,20.675,90.65,24.3,86.275,79.15,646.75,170.0565,124.64475,43.4105,2.00075,252.581,132.80475,119.77625,3.95,59.7,55.75,3.7,3086.9,573.8025,343.392,271.04075,7.22575,1570.99475,695.018,848.427,-78.45,200.975,279.425
1971,1164.875,1172.425,1175.351431,5114.3,5156.4,5160.150243,3348.575,84.47019414,61.08807794,60.16028752,5.970870153,5.970870153,-0.886384715,3392.449412,62.01269471,25.20302331,61.12930254,29.41031783,0.325,21.84075,23.1665,40.48333333,42.73333333,NA,22.7755,NA,NA,NA,NA,NA,97.48588111,5.95,84.37616667,60.17528774,79.3545,71.33075,45.1595,61.584,140.2163333,63.30563708,6.159166667,4.3325,4.6625,932.8,665,584.525,230.85,13.4,70.5,21.825,100.1,25.025,100.625,92.8,699.925,196.82325,130.41575,58.1525,8.2555,267.46825,134.47875,132.99,0.625,62.95,62.35,0.325,3204.775,632.93425,343.22775,343.21775,32.2825,1541.50525,650.6195,875.02775,-89.925,204.425,294.35
1972,1279.125,1287.675,1265.658282,5383.275,5428.375,5327.053159,3574.125,86.95937721,61.25861332,60.46350802,6.033413389,6.033413389,1.047875943,3518.647807,63.07925783,26.21528954,61.90103005,29.98853429,0.325,22.58575,23.91225,41.80833333,44.04166667,NA,23.75975,NA,NA,NA,NA,NA,92.99288629,5.6,87.011,60.37150584,82.13516667,73.78758333,46.7305,63.51575,144.1254167,65.28546479,6.21,4.0725,4.434166667,1024.45,731.35,638.8,254.45,17.025,78.1,22.75,109.75,26.825,117.2,107.675,768.15,228.14275,146.63575,72.39925,9.10775,286.18925,141.64525,144.5435,-3.375,70.85,74.225,-4.05,3401.05,704.23075,373.14175,402.7795,33.16075,1533.59975,629.98325,894.3095,-107.1,220.375,327.475
1973,1425.375,1438,1380.488021,5687.225,5746.4,5507.533206,3833.65,89.42502649,61.5873201,60.80048028,6.093074395,6.093074395,3.267830673,3656.908181,64.23118865,27.39705167,62.66751049,30.6078128,0.325,23.802,24.8225,44.425,45.575,NA,25.0615,NA,NA,NA,NA,NA,88.29002425,4.858333333,89.41066667,60.7821658,85.05133333,76.90166667,48.17275,66.0975,147.0970833,67.30505753,6.8425,7.031666667,8.7275,1140.8,812.675,708.775,291.075,29.1,83.45,23.1,125.525,29.9,133.375,118.475,849.575,266.9255,172.7265,78.32175,15.8775,304.7655,146.18525,158.58025,4.125,95.275,91.175,8.875,3569.35,781.28725,422.4975,400.19175,50.39625,1528.68,607.81,919.54075,-80.85,261.875,342.725
1974,1545.25,1560.775,1558.255171,5656.45,5723.075,5701.547619,3776.15,91.8448971,62.07700077,61.16474668,6.144066386,6.144066386,-0.777450572,3806.589188,65.60816486,28.55807311,63.40428134,31.19197686,0.325,26.27975,26.78825,49.31666667,49.35833333,NA,27.3095,NA,12.44333333,NA,NA,NA,89.67764357,5.641666667,91.97591667,61.26783522,86.80258333,78.38308333,47.37925,66.1935,150.1210833,69.13597238,7.5575,7.83,10.5025,1251.825,887.7,772.275,315.95,23.475,88.725,23.175,147.4,33.175,125.7,108.25,930.175,274.526,191.069,69.467,13.98975,341.37025,158.8345,182.53575,-0.825,126.65,127.475,5.975,3539.45,729.54525,425.95125,321.714,37.591,1562.2885,611.647,952.8585,-52.275,282.65,334.925
1975,1684.9,1697.9,1757.668155,5644.85,5697.675,5889.282451,3714.525,94.27143278,62.47091315,61.54899795,6.184254863,6.184254863,-4.155286414,3951.365511,67.12649345,29.41277617,64.12924471,31.64617401,0.325,28.47025,29.0265,53.825,53.90833333,NA,29.846,NA,13.88416667,NA,NA,36.98297575,91.08060565,8.475,93.76983333,61.22661792,85.83025,77.07141667,48.684,63.36475,153.1525833,70.64122826,7.9875,5.775,5.824166667,1369.4,947.25,814.85,341.45,21.975,96.225,22.3,168.05,32.9,138.875,124.225,1030.55,257.25375,196.77575,66.73325,-6.2555,381.12775,173.72925,207.3985,15.975,138.7,122.725,19.85,3619.7,611.3635,387.61625,282.88975,-16.522,1596.6795,614.87625,987.666,-16.825,280.875,297.7
1976,1873.425,1890.275,1912.573215,5949,6011.225,6073.185934,3980.825,96.71228022,62.7956979,61.94608949,6.21413225,6.21413225,-2.043635803,4092.447443,68.67028324,30.20242746,64.86021617,32.03923218,0.325,30.03225,30.79075,56.93333333,57.44166667,NA,31.48975,NA,13.47166667,NA,NA,39.50866027,95.6464703,7.7,96.15066667,61.57516254,88.7525,79.50741667,50.38375,65.61975,156.1493333,72.26317825,7.611666667,4.974166667,5.045,1502.65,1048.35,899.75,371.3,17.2,113.775,20.3,181.05,38.975,174.325,157.8,1147.65,323.2245,219.34575,86.7625,17.1165,404.15275,184.80025,219.35275,-1.625,149.525,151.125,7.1,3821.45,728.03775,409.5165,345.42625,44.262,1605.00475,615.751,995.9835,-62.8,293.125,355.925
1977,2081.825,2102.125,2097.695418,6224.1,6293.55,6272.032125,4209.35,99.16364014,63.24829098,62.35002029,6.233253391,6.233253391,-0.76894058,4244.785497,70.21969157,31.2147678,65.59951956,32.49847677,0.325,31.9855,32.77125,60.61666667,61.03333333,NA,33.44525,NA,14.52583333,NA,NA,44.22483793,99.06104099,7.05,98.98416667,62.23982672,92.01725,82.59975,51.25175,68.21,159.03325,73.76724784,7.419166667,5.269166667,5.5375,1659.225,1165.825,994.15,411.95,15.975,128.525,15.85,206.875,44.725,205.775,186.675,1273.975,396.61225,259.0595,115.22875,22.324,434.33175,200.3395,233.992,-23.1,159.35,182.425,-10.9,3982.975,831.90225,453.6085,416.24975,55.7115,1624.34025,628.864,1000.2165,-94.65,300.175,394.825
1978,2351.6,2373.175,2322.909326,6568.625,6637.825,6490.051048,4490.475,101.6456463,63.84847686,62.75657749,6.239261738,6.239261738,1.199039615,4412.346642,71.79182788,32.489875,66.34724982,33.04144035,0.325,34.21125,34.94275,65.24166667,65.475,NA,35.79775,NA,14.56166667,NA,NA,50.43797688,93.96952793,6.066666667,102.23325,63.14046028,96.04616667,86.82908333,51.9575,71.767,161.91075,75.65005972,8.41,7.188333333,7.930833333,1863.725,1316.775,1120.55,468.3,19.925,146.05,16.525,235.075,50.725,238.55,215.7,1422.275,478.3765,314.57575,138.00975,25.79075,476.33675,218.9225,257.414,-25.375,186.875,212.25,-12.65,4157.3,928.132,516.2955,444.01425,58.8685,1670.9275,643.74575,1033.21525,-97.225,331.825,429.05
1979,2627.325,2659.275,2605.543747,6776.6,6868.1,6719.675099,4642.425,104.1620694,64.5107034,63.16340988,6.230052504,6.230052504,0.851391158,4588.125647,73.4254114,33.95971077,66.98944736,33.59360711,0.325,37.2505,37.4905,72.58333333,71.85833333,NA,38.76625,NA,21.5425,NA,NA,56.880859,92.94554848,5.85,104.9605833,63.66451267,98.82525,89.9355,51.88525,74.312,164.8645,77.14990322,9.4425,10.06916667,11.19416667,2082.675,1477.2,1253.325,522.625,22.175,157.275,16.1,269.625,57.45,248.975,214.375,1585.4,539.6495,373.8245,147.84125,17.98425,524.80175,240.574,284.2275,-22.55,230.15,252.675,-1.175,4256.1,960.6625,567.871,427.372,36.17975,1701.009,657.943,1048.26875,-71.525,364.675,436.2
1980,2857.325,2891.5,2921.088986,6759.175,6849.8,6908.645941,4602.85,106.6486877,64.77943702,63.56946569,6.206740779,6.206740779,-2.158463563,4723.121228,75.13588386,35.38674988,66.9725584,33.79554198,0.325,41.26225,40.936,82.38333333,80.78333333,NA,42.27825,38.275,33.97333333,NA,NA,61.67675425,93.37904418,7.175,106.974,63.77191155,99.30333333,90.53158333,51.87325,73.693,167.7455833,78.76237107,11.46,11.43416667,13.35583333,2323.625,1622.25,1373.425,587.45,11.7,159.875,19,332.9,63.975,223.55,188.075,1750.675,530.09975,406.911,129.52,-6.331,589.5975,274.86975,314.728,-13.05,280.775,293.825,8.5,4242.825,864.00125,567.988,337.96,-12.11925,1731.79825,685.475,1046.27925,-3.175,403.975,407.15
1981,3207.025,3239.95,3279.428169,6930.7,7011.225,7085.902446,4707.8,109.0065643,65.00359889,63.97393717,6.17370447,6.17370447,-2.183594633,4845.967468,76.84057901,36.78647598,66.82364353,33.90485536,0.325,44.9585,44.52275,90.93333333,89.25,NA,46.26925,41.75,37.0725,NA,NA,63.21423511,101.7490416,7.616666667,108.6759167,63.87862475,100.3995833,91.29216667,52.64475,74.26975,170.1298333,80.04077244,13.91083333,14.025,16.37833333,2605.125,1792.55,1511.4,689.325,19.025,160.65,23.775,412.225,73.65,247.475,217.8,1933.925,631.229,472.93825,128.482,29.80875,654.381,313.97975,340.40125,-12.55,305.25,317.75,3.4,4301.625,940.051,602.832,310.1555,50.34025,1748.5465,716.143,1024.49925,-8.875,408.9,417.775
1982,3343.8,3380.3,3587.409531,6805.775,6889.4,7300.704743,4563.75,111.2182377,65.64189316,64.37504501,6.136431884,6.136431884,-6.772139198,5004.365523,78.46967485,38.04098607,67.25587723,34.28589015,0.325,47.45575,47.41675,96.53333333,95.85,NA,49.13025,44.7,33.59333333,NA,NA,63.9834578,118.7148848,9.708333333,110.2440833,63.9941008,99.52916667,89.68458333,52.23775,72.5605,172.2711667,80.95791014,13.00166667,10.61416667,12.25833333,2791.6,1893,1587.5,752.05,13.325,157.875,23.825,479.45,77.575,229.85,197.25,2071.275,581.03375,485.099,110.84775,-14.9135,711.473,348.336,363.137,-19.975,283.2,303.2,-3.3,4364.6,821.97375,585.084,253.97,-25.50625,1779.98025,741.9605,1025.78525,-34.875,377.575,412.45
1983,3634.025,3671.125,3846.189003,7117.725,7199.425,7534.321866,4846.55,113.339275,66.47449448,64.76905667,6.099037351,6.099037351,-5.541511431,5178.745832,80.03859078,39.19937316,68.02178317,34.78506147,0.325,49.4745,49.844,99.58333333,99.6,NA,51.0505,47,29.34666667,NA,NA,68.54691056,131.4230492,9.6,111.5154167,64.0095684,100.8216667,90.28866667,54.35375,74.041,174.2155,81.76737786,11.105,8.610833333,9.086666667,2981.075,2012.475,1677.5,810.25,6.2,180.075,24.425,516.25,83.3,279.775,244.7,2281.6,637.517,482.15475,161.11275,-5.751,766.557,382.3575,384.19975,-51.625,277,328.65,-35.05,4611.675,898.68875,582.4995,360.59525,-10.1095,1846.41975,788.3755,1039.382,-96.7,367.8,464.5
1984,4037.65,4073.9,4123.894492,7632.85,7711.05,7796.092819,5256.6,115.4220695,67.54253144,65.14981957,6.062323846,6.062323846,-2.096614711,5372.23934,81.58251402,40.80262511,68.82070312,35.40164744,0.325,51.34325,51.9105,103.9333333,104.7,NA,52.8945,49.075,28.86583333,NA,NA,70.64368902,142.9367079,7.508333333,113.5318333,64.36621966,105.00275,94.54258333,55.57525,78.553,176.3829167,83.49437951,12.43833333,9.5225,10.225,3292.725,2215.875,1844.925,933.65,20.925,207.3,24.65,590.125,90.65,337.875,301.3,2492.35,820.08975,564.321,190.364,65.405,827.9105,411.8045,416.106,-102.725,302.375,405.125,-90.05,4854.325,1143.9515,679.613,413.81125,100.61775,1911.26425,813.254,1079.57425,-179.75,397.8,577.55
1985,4339,4364.375,4409.263128,7951.05,8007.5,8079.929272,5488.075,117.4620468,68.78588829,65.50885399,6.02391938,6.02391938,-1.59729454,5582.948311,83.10019769,42.62936631,69.62900642,36.1182796,0.325,53.134,54.019,107.6,109.2833333,NA,54.56775,51.225,26.99833333,NA,NA,73.94401392,153.1543615,7.191666667,115.4674167,64.79428004,107.154,97.52866667,56.54925,80.599,178.2056667,84.99912813,10.62333333,7.479166667,8.100833333,3524.875,2387.3,1982.525,993.6,20.975,220.075,26.225,628.925,97.4,354.5,316.375,2712.825,829.65175,607.751,200.0765,21.8245,910.5165,452.909,457.6075,-114,303.2,417.25,-114.325,5105.65,1143.22325,724.4305,423.2935,32.388,2038.81925,875.8215,1140.7875,-203.9,411.15,615.05
1986,4579.625,4596.575,4655.869968,8226.375,8266.375,8363.258878,5695.75,119.4612133,70.00661283,65.83589461,5.979706232,5.979706232,-1.635049421,5790.995777,84.59676247,44.27466732,70.4468033,36.80159806,0.325,54.29,55.88325,109.6916667,113.7083333,NA,55.67325,52.975,14.3225,15.03666667,NA,79.5415594,144.4775261,7,117.8455833,65.25661612,109.6005833,99.4975,58.2425,81.21925,180.58675,86.21969709,7.6825,5.978333333,6.805,3733.075,2542.05,2102.325,1042.9,22.775,233.7,18.275,662.125,106.025,324.4,284.875,2886.275,849.14725,607.7645,234.812,6.5705,976.076,481.65775,494.418,-131.875,321,452.85,-142.675,5316.4,1145.03025,711.95225,475.7965,10.595,2149.517,927.026,1198.046,-224.95,442.6,667.55
1987,4855.25,4872.7,4929.127934,8510.975,8549.125,8640.794496,5902.725,121.3796205,71.18678518,66.12003192,5.925101878,5.925101878,-1.506169357,5992.370074,86.04825692,45.76756923,71.27420525,37.43905589,0.325,55.9635,57.6825,113.6166667,118.175,NA,57.04075,54.625,18.04666667,19.17166667,NA,85.64948941,139.3998926,6.175,119.8528333,65.58163836,112.4393333,102.1144167,58.57175,83.6945,182.75275,87.54374076,8.384166667,5.775,6.6575,3961.575,2722.425,2256.275,1094.2,28.875,257.6,16.6,678.95,112.175,366,317.975,3076.275,892.17725,615.2385,249.78975,27.149,1031.52975,502.78475,528.74475,-144.775,363.975,508.7,-154.1,5496.95,1177.5695,712.58225,485.16025,42.5955,2211.9035,961.013,1224.054,-216.2,490.975,707.175
1988,5236.425,5259.125,5263.444169,8866.475,8912.275,8912.51766,6171.65,123.13212,72.38046304,66.35223303,5.858031111,5.858031111,-0.519102962,6191.62419,87.39644303,47.27844919,72.11132508,38.08726648,0.325,58.15075,60.13425,118.275,123.425,NA,59.05525,56.65,14.62083333,15.9825,NA,90.60961527,136.5277899,5.491666667,121.6706667,65.90559035,114.9740833,105.3753333,59.5345,86.0945,184.6125833,88.92452203,8.845833333,6.6675,7.568333333,4283.4,2947.975,2439.8,1199.425,26.8,298.75,22.5,721.65,129.725,414.45,357.5,3330,936.96275,662.28,256.20025,18.48225,1078.855,511.4395,567.41575,-109.4,444.6,553.975,-115.75,5726.525,1206.62175,748.2215,480.87025,27.949,2239.36975,946.66525,1271.09775,-164.375,570.6,734.975
1989,5641.6,5666.35,5634.738824,9192.125,9239.2,9180.818579,6398.45,124.7167732,73.61216057,66.52966715,5.781904477,5.781904477,0.124455825,6391.249151,88.63735596,48.8283208,72.95751532,38.76488895,0.325,60.69,62.62975,123.9416667,128.9666667,NA,61.3705,59.05,18.06916667,19.64083333,NA,95.92970979,140.5146126,5.258333333,123.8506667,66.44592888,117.327,108.0468333,60.08,88.449,186.3926667,90.41658696,8.498333333,8.111666667,9.216666667,4625.575,3139.6,2583.075,1326.925,33.025,308.1,21.525,806.475,157.8,414.275,347.175,3576.775,999.70075,715.9935,256.0145,27.69325,1151.862,534.10425,617.75825,-86.775,504.3,591.05,-92.375,5893.5,1255.43125,790.52825,465.30925,39.0315,2302.98625,961.756,1321.361,-130.7,636.65,767.35
1990,5963.125,5997.85,6012.852556,9365.5,9425.05,9442.762878,6494.025,126.2242231,74.80838319,66.65897474,5.70368738,5.70368738,-0.811437948,6587.021003,89.8359458,50.25088286,73.78806406,39.41936107,0.325,63.3545,65.168,130.6583333,135.4583333,NA,63.67625,61.525,22.20166667,24.4675,NA,98.77750634,137.5816176,5.616666667,125.8566667,66.53348556,118.7956667,109.5303333,61.1045,88.26675,189.16375,91.12283795,8.55,7.493333333,8.099166667,4913.8,3340.375,2741.175,1386.675,32.175,321,28.175,836.5,168.825,417.725,341.675,3808.975,993.449,739.23375,239.66875,14.54625,1238.5555,562.3765,676.179,-77.85,551.85,629.75,-74.9,6012.2,1223.03525,799.0345,425.78975,21.05475,2376.682,982.31825,1375.65875,-102,692.8,794.8
1991,6158.125,6189.7,6378.059026,9355.35,9406.675,9689.404679,6453.225,127.7560284,75.84212326,66.75339634,5.629119643,5.629119643,-3.447026914,6771.503813,91.06400594,51.37678539,74.58828478,39.97699126,0.325,65.47275,67.4955,136.1666667,142.1166667,NA,65.81925,63.825,18.73916667,21.5025,NA,100.305,137.8236015,6.85,126.3524167,66.179346,117.7125833,108.43575,62.10575,86.3,190.9248333,92.11339186,7.858333333,5.375,5.6875,5084.925,3450.5,2814.475,1396.45,26.8,327.375,38.575,823.525,180.175,452.6,376.125,3943.45,944.3435,723.58425,221.15375,-0.39425,1298.95075,582.93625,716.0145,-28.625,594.925,623.55,7.9,6023.075,1142.1105,767.58975,387.84925,-2.3045,2405.2255,982.89075,1405.2565,-54.975,738.625,793.6
1992,6520.325,6551.4,6687.07801,9684.875,9734.675,9932.847045,6715.45,129.3477538,76.79085105,66.82447951,5.561307634,5.561307634,-2.499544789,6954.491715,92.33834099,52.47618103,75.38169884,40.49065362,0.325,67.21825,69.54675,140.3083333,147.3166667,NA,67.32075,65.675,18.115,20.56333333,NA,102.8,137.4950825,7.491666667,128.0990833,66.43963203,118.4879167,108.7925833,64.8905,85.9475,192.8053333,93.20984845,7.01,3.431666667,3.521666667,5420.875,3668.25,2965.575,1459.55,34.775,365.375,60.575,809.775,189.05,477.175,404.075,4197.575,1013.00625,741.937,254.74125,16.32775,1344.5,588.45325,756.047,-34.725,633.075,667.8,-45.575,6244.675,1225.3305,789.63325,441.31525,22.833,2416.36125,967.4715,1434.91075,-59.425,789.8,849.225
1993,6858.55,6889.75,7024.348412,9951.475,10000.825,10192.12147,6922.7,130.9626007,77.82362172,66.87621218,5.501141375,5.501141375,-2.362004662,7151.399207,93.62751709,53.85259282,76.18269002,41.06371968,0.325,68.89225,71.43575,144.475,152.2,NA,68.91725,67.575,16.17,18.45083333,NA,105.27,143.0908596,6.908333333,129.1853333,66.30399386,120.2586667,110.9320833,64.96325,88.5025,194.8375833,94.49975503,5.873333333,2.9975,3.0225,5657.95,3817.3,3079.35,1525.05,31.35,396.625,90.075,802.275,204.725,524.575,447.65,4452,1106.8255,799.204,286.8085,20.8135,1364.92225,580.169,784.75325,-65.175,654.8,719.975,-79.375,6462.25,1323.302,848.76175,477.4295,28.26275,2396.57475,933.4875,1453.20275,-106.975,815.675,922.65
1994,7287.25,7310.225,7367.93721,10352.45,10389.65,10467.28701,7241.25,132.5235601,78.98325459,66.90667429,5.449078141,5.449078141,-1.099640796,7362.399474,94.87537832,55.52595002,76.99219237,41.7192312,0.325,70.33,73.0345,148.225,156.5,NA,70.38625,69.5,15.41083333,17.19166667,1.889166667,108.785,144.7350491,6.1,131.0466667,66.58367295,123.0711667,114.384,65.422,91.927,196.8145,95.44469071,7.08,4.246666667,4.201666667,5947.1,4006.2,3236.575,1620.125,34.675,421.975,113.675,814.625,235.175,624.75,546.825,4720.975,1256.4845,868.85275,323.84725,63.7845,1402.27425,574.68375,827.59075,-92.5,720.925,813.45,-115.6,6712.625,1479.8115,915.50575,520.2625,88.49425,2398.5755,899.89925,1494.01,-144.925,887.75,1032.675
1995,7639.75,7667.7,7729.925549,10630.325,10672.85,10755.76414,7490.075,134.0116621,80.25877571,66.91420152,5.404441121,5.404441121,-1.165781589,7587.22193,96.0686576,57.51342632,77.81029635,42.45913511,0.325,71.8105,74.62525,152.3833333,161.225,NA,71.864,71.55,17.14666667,18.43916667,1.725,111.585,148.1857959,5.591666667,132.3151667,66.62950724,124.90825,117.4103333,66.139,94.05375,198.5840833,96.69815547,6.58,5.49,5.836666667,6291.375,4198.075,3418.025,1742.7,22.05,459.175,124.9,878.6,257.975,706.225,613.275,4962.6,1317.48925,962.247,324.069,31.17375,1449.4305,576.682,872.7485,-89.75,812.825,902.55,-105.875,6910.65,1527.2895,1003.9225,502.64525,40.56825,2410.7955,875.915,1534.619,-136.35,979,1115.35
1996,8073.125,8103.975,8102.455988,11031.35,11076.875,11071.64169,7827.1,135.4925881,81.71256221,66.90166459,5.365062883,5.365062883,-0.367558592,7837.272801,97.25635311,59.82882975,78.72394007,43.32264443,0.325,73.34625,76.04075,156.8583333,165.5583333,NA,73.17775,73.925,20.59916667,22.11333333,2.753333333,114.8225,155.5165966,5.408333333,133.95125,66.77786961,126.7201667,119.8211667,67.5345,96.25125,200.5905833,97.66433312,6.438333333,5.005833333,5.298333333,6678.55,4416.925,3616.475,1887.45,37.325,506.45,142.525,898.975,302.175,789.5,687.525,5244.6,1432.05475,1043.19425,358.06125,30.79925,1492.848,579.15975,913.6885,-96.375,867.575,963.975,-115,7150.475,1660.79925,1095.01375,543.70375,39.71575,2433.131,865.237,1570.532,-153.275,1059.025,1212.3
1997,8577.55,8600.85,8532.939076,11521.925,11556.725,11462.13953,8230.575,137.0162125,83.65341086,66.87526701,5.32771898,5.32771898,0.517982232,8155.999892,98.4775514,62.61483248,80.08667036,44.52504766,0.325,74.6225,77.38225,160.525,169.5083333,NA,74.4455,76.525,18.55416667,20.61,2.485833333,118.07,164.1611648,4.941666667,136.301,67.09915168,129.5723333,122.9313333,68.8445,99.2855,203.13325,98.83927842,6.3525,5.060833333,5.46,7092.5,4708.825,3876.85,2016,32.375,551.575,147.075,947.075,337.9,869.7,762.15,5536.8,1595.6005,1149.08825,375.5855,70.9265,1547.133,583.28925,963.84425,-101.95,953.825,1055.775,-130.125,7419.725,1850.2095,1212.952,556.8835,95.42175,2473.03325,858.135,1620.70725,-190.4,1185.2,1375.6
1998,9062.825,9080.225,8975.072828,12038.275,12064.575,11921.83018,8666.525,138.6165052,86.00354873,66.83998764,5.28978,5.28978,0.973663878,8538.724832,99.75961678,65.87450663,81.78570081,46.01512545,0.325,75.21625,78.36625,163.0083333,173.3833333,NA,75.2665,79.625,12.0975,14.44666667,2.09,123.7475,176.81726,4.5,137.6798333,67.08877501,131.4759167,126.1363333,70.95625,101.43275,205.2200833,100.1226581,5.264166667,4.776666667,5.353333333,7606.675,5071.15,4181.625,2176.275,28.475,611.7,165.2,1015.45,355.45,808.45,705.675,5877.225,1736.671,1254.14425,418.80725,63.71925,1611.6085,585.5155,1026.09325,-162.7,952.975,1115.675,-205.35,7813.775,2026.302,1344.95725,605.009,91.84925,2533.01625,850.53175,1692.37125,-323.55,1212.825,1536.375
1999,9630.7,9656.2,9488.955714,12610.5,12647.65,12425.04539,9159.725,140.2993221,88.55847193,66.79654148,5.25031895,5.25031895,1.489772418,8959.905204,101.1076231,69.54055002,83.58080859,47.64101616,0.325,76.338,79.4255,166.5833333,176.975,NA,76.346,82.3,17.27083333,19.26083333,2.269166667,131.3,178.1670172,4.216666667,139.3799167,67.08933181,133.5009167,129.2260833,73.66425,103.26475,207.7529167,101.4689134,5.636666667,4.638333333,4.97,8001.85,5402.775,4458,2234.2,28.1,668.3,178.5,1012.725,346.575,834.925,713.175,6279.075,1887.059,1364.477,461.766,60.8155,1720.3595,611.347,1109.01225,-255.825,992.775,1248.625,-278.3,8225.375,2198.707,1478.089,642.98125,87.42325,2615.3915,866.9255,1760.11275,-436.7,1273.275,1709.975
2000,10252.35,10287.375,10107.81934,13130.975,13179.975,12945.69471,9593.725,142.0520138,91.13113125,66.74132261,5.209378,5.209378,1.433485451,9398.830838,102.3995611,73.38381216,85.39493267,49.34474971,0.325,78.23525,80.80425,172.1916667,181.2916667,101.9916667,78.0685,85.65,27.6825,30.30083333,4.31,140.09,183.5748425,3.966666667,142.58575,67.07548108,136.9006667,132.0178333,76.1135,104.68325,212.57675,102.6548919,6.029166667,5.816666667,6.235833333,8652.6,5848.075,4825.875,2423.075,31.525,722.35,183.475,1102.225,383.5,786.55,640.875,6762.15,2038.408,1498.43175,485.432,54.5445,1826.84475,633.70225,1193.14225,-375.025,1096.275,1471.3,-394.3,8643.35,2346.73125,1616.1125,647.206,78.64575,2663.00725,869.4405,1806.911,-550.8,1379.5,1930.3
2001,10581.825,10630.575,10696.39523,13262.1,13327.475,13405.19501,9668.675,143.8166812,93.20863761,66.66811708,5.167276541,5.167276541,-1.060951446,9786.663476,103.1948409,76.53384973,87.14554241,50.98577867,0.325,79.738,82.25825,177.0416667,186.125,104.2916667,79.8215,88.8,21.9875,25.9475,3.959166667,149.765,193.4992188,4.741666667,143.7689167,66.84105518,136.9393333,132.08,78.2045,102.69625,215.0925,103.9446757,5.0175,3.388333333,3.8875,9005.6,6039.125,4954.425,2507.025,32.075,798.9,202.4,1104.3,369.35,758.725,589.9,7065.65,1934.8415,1460.06725,513.0585,-38.284,1949.27525,670.05225,1279.22325,-367.925,1024.65,1392.55,-384.2,8861.075,2214.62625,1581.087,653.04375,-53.2135,2762.29075,902.601,1873.454,-576.475,1299.725,1876.2
2002,10936.45,10981.65,11172.68909,13493.075,13553.2,13784.3448,9835.475,145.4856646,94.7459105,66.5709821,5.124572745,5.124572745,-2.111209405,10101.85909,103.5717752,78.62484268,88.85890233,52.43669659,0.325,80.78925,83.63875,179.8666667,190.4416667,105.6083333,81.03875,91.65,23.63333333,26.115,3.3575,160.3075,193.3451789,5.783333333,144.8560833,66.57945567,136.4809167,130.6365833,81.5725,100.1395,217.5695833,105.3181626,4.610833333,1.6025,1.666666667,9158.95,6135.6,4996.3,2489.675,19.925,849.85,211.025,1010.075,398.8,911.7,754.95,7342.65,1930.41725,1352.84825,557.5945,19.97475,2088.7175,742.98375,1345.73325,-425.4,998.75,1424.15,-441.65,9088.675,2195.485,1472.67425,692.57975,24.345,2885.235,969.56025,1927.5745,-667.3,1277.125,1944.425
2003,11458.25,11516.625,11668.20591,13879.125,13953.95,14134.00622,10153.075,147.0137128,96.1396135,66.44756011,5.082443891,5.082443891,-1.808291806,10389.11898,103.7984763,80.3814628,90.59186404,53.81009722,0.325,82.358,84.8365,184,193.225,107.7583333,82.567,94.25,27.845,31.12083333,5.498333333,172.5925,179.9741701,5.991666667,146.4995,66.23952459,137.72925,130.32775,84.679,99.57825,221.1679167,106.110571,4.015,1.010833333,1.1275,9487.575,6354.05,5138.7,2565.5,36.45,860.375,231.5,1005.025,432.15,1056.25,897.35,7723.125,2027.0555,1375.8795,637.082,14.094,2211.20775,826.26075,1384.947,-503.15,1036.175,1539.3,-508.95,9377.5,2290.37075,1509.3645,755.5105,19.907,2947.18925,1032.72475,1922.21475,-735.05,1305.025,2040.025
2004,12213.725,12291.925,12291.86806,14406.375,14503.025,14498.87682,10581.575,148.4849514,97.64419585,66.3006932,5.042861278,5.042861278,-0.640019474,10688.13589,104.0040746,82.39529563,92.35862266,55.24937554,0.325,84.4115,86.515,188.9083333,196.6416667,110.4583333,84.77825,96.75,35.79333333,41.44333333,5.905833333,188.9,170.0266901,5.541666667,147.3795833,65.98401704,139.23975,131.7571667,87.11925,100.873,223.3568333,107.6033665,4.274166667,1.371666667,1.349166667,10035.075,6720.05,5421.6,2722.975,51.5,910.5,248.875,950.425,561.675,1289.35,1094.2,8212.65,2281.25325,1467.36875,749.81675,64.06725,2338.8895,891.74475,1447.145,-619.075,1177.625,1796.7,-621.225,9729.325,2502.552,1594.00825,830.88925,82.648,2992.719,1077.5075,1920.0715,-841.425,1431.175,2272.575
2005,13036.625,13114.6,13002.76904,14912.525,15006.05,14873.91289,10994.95,149.9845729,99.16850224,66.13647713,5.008021064,5.008021064,0.259045085,10995.71675,104.2453967,84.77677379,94.02227028,56.7077404,0.325,86.8125,88.373,195.2666667,200.8666667,113.6916667,87.407,99.15,48.92583333,56.4925,8.813333333,208.685,164.9348704,5.083333333,149.2891667,66.03283637,141.7100833,134.0224167,89.02475,102.57225,226.0825833,109.4813402,4.29,3.146666667,3.213333333,10598.25,7066.6,5691.9,2888.2,46.775,931.225,232,1100.45,577.75,1488.65,1262.9,8747.125,2534.72025,1620.98575,856.22125,57.51325,2475.99175,947.462,1528.52975,-721.2,1305.225,2026.425,-729.3,10075.875,2670.565,1716.36275,885.38975,63.734,3015.458,1099.0905,1920.05125,-887.775,1533.2,2420.975
2006,13814.6,13865.075,13706.20123,15338.25,15398.65,15217.69158,11370.825,151.4543066,100.4762498,65.95855425,4.971200613,4.971200613,0.79319419,11272.72784,104.4907296,87.55949936,95.26106924,57.99993164,0.325,89.1745,90.392,201.5583333,205.9166667,116.9916667,90.074,102.05,58.8875,66.01833333,6.744166667,220.9025,161.7356245,4.608333333,151.4088333,66.17072975,144.4175833,136.434,90.00225,104.92775,228.8146667,110.695432,4.791666667,4.726666667,4.964166667,11381.7,7479.875,6056.95,3210.5,33.05,1016.55,202.325,1235.775,722.8,1646.25,1406.525,9260.35,2700.9545,1793.801,838.164,68.98925,2624.23425,1000.6915,1623.543,-770.925,1472.6,2243.55,-799.8,10384.55,2752.413,1854.154,818.8765,87.1085,3063.52875,1125.01425,1941.6375,-905.075,1676.425,2581.5
2007,14451.875,14560.875,14359.06205,15626.025,15748.3,15525.75433,11646.85,152.7244734,101.6578795,65.76116405,4.928358756,4.928358756,0.645323273,11521.22496,104.7730779,90.61005693,96.11144865,59.11864421,0.325,91.43775,92.3775,207.3441667,210.7250833,119.95675,92.49775,105.5,67.13416667,72.31833333,6.984166667,220.84,153.7760923,4.616666667,153.1230833,66.03959066,146.0501667,137.9775,91.566,105.6415,231.867,111.2580707,4.629166667,4.353333333,5.019166667,12007.8,7878.875,6396.75,3362.225,40.25,953.775,184.35,1368.6,815.25,1533.175,1195.4,9706.425,2673.01025,1948.563,690.4975,33.95,2790.84425,1050.50825,1740.336,-718.425,1660.85,2379.275,-709.975,10615.35,2684.1375,1982.0535,665.80875,40.57875,3118.55625,1146.97,1974.6765,-823.65,1822.325,2645.975
2008,14712.825,14867.45,14912.46608,15604.675,15771.575,15815.24146,11527.675,153.7351101,102.872797,65.532448,4.991819592,4.892561586,-1.325548887,11761.80003,105.2439346,93.26421205,96.82911136,60.08305339,0.325,94.18,94.22475,215.25425,215.5650833,124.4331667,94.2635,108.625,92.29583333,99.57166667,8.855,202.845,150.6524572,5.8,154.3215833,66.00942782,145.37325,137.2245833,92.61175,103.37975,233.788,111.6742775,3.666666667,1.365,1.9275,12442.2,8056.975,6534.25,3418.5,40.2,920.75,256.65,1396.275,804.625,1285.85,895.65,9976.35,2477.61325,1990.87075,515.9835,-29.24125,2981.9895,1150.585,1831.4045,-723.1,1837.05,2560.15,-677.05,10592.85,2462.9115,1994.2245,504.634,-32.6705,3195.55625,1218.782,1978.65275,-661.6,1925.45,2587.05
2009,14448.925,14590.85,15247.0947,15208.825,15359.35,16049.05634,11079.9,154.5755481,103.8263035,65.27586384,5.34863842,4.866191773,-5.235797545,11958.99343,105.7854881,94.66377806,97.5356519,60.7777554,0.325,94.09425,95.31575,214.5646667,219.2366667,123.85025,94.999,110.35,59.3675,61.65416667,3.9525,190.7725,161.5815027,9.283333333,154.1885,65.39015987,139.8939167,131.2888333,95.92275,95.95625,235.801,112.2957275,3.256666667,0.15,0.16,12059.1,7758.525,6248.6,3118.125,28.075,910.475,327.325,1299.25,553,1386.825,1038.025,9842.2,1929.6635,1690.43175,390.00375,-150.77175,3073.51175,1218.189,1855.3225,-396.45,1582,1978.425,-368.675,10459.95,1941.97025,1704.347,395.25675,-177.322,3307.322,1293.007,2015.59375,-484.825,1763.775,2248.575
2010,14992.05,15187.775,15619.78493,15598.75,15803.85,16252.21985,11443.875,155.3441231,104.6204297,65.01199182,5.709062274,4.840009658,-4.022334519,12130.69699,106.3047388,95.81501044,98.25045862,61.34923872,0.325,95.70475,96.60825,218.0761667,221.3358333,125.6145,96.10875,112.125,75.9175,79.395,4.3875,185.0875,155.0554132,9.608333333,153.88525,64.70453427,139.0771667,130.33675,99.15725,95.84975,237.8293333,112.8990275,3.214166667,0.136666667,0.175,12551.6,7924.95,6372.1,3285.25,38.975,1069.75,394.2,1238.475,543.85,1728.75,1342.95,10185.85,2165.47275,1734.98075,376.57475,53.91725,3154.647,1297.91875,1856.7275,-513.9,1846.275,2360.175,-431.275,10642.95,2216.47775,1780.99875,383.02275,57.283,3307.22875,1346.09675,1961.27725,-565.9,1977.85,2543.775
2011,15542.6,15778.95,16172.80869,15840.675,16081.65,16483.1054,11673.025,156.123723,105.5767766,64.75318158,5.826185392,4.806148515,-3.898290774,12329.97699,106.8418148,97.64156727,98.97050393,62.04353517,0.325,98.1305,98.13875,224.923,225.0064167,129.453,98.1115,113.95,102.5008333,94.87416667,3.996666667,177.2725,148.1368752,8.933333333,153.6236667,64.11214185,139.8851667,131.9216667,99.1525,97.77575,239.6175,113.5355271,2.785833333,0.0525,0.101666667,13326.75,8225.9,6625.925,3658.775,64.875,1164.4,478.65,1269.35,681.5,1809.8,1397.2,10641.125,2332.56225,1907.46475,378.8355,46.262,3148.372,1298.93025,1849.44175,-579.5,2103,2682.425,-461.75,10843.825,2362.12825,1935.3525,382.47225,46.707,3203.322,1311.11725,1892.22375,-568.075,2119.075,2687.125
2012,16197.05,16429.3,16746.03781,16197,16429.325,16745.78586,12040.525,156.9639372,106.6850548,64.49722388,5.741184507,4.766587655,-3.276178267,12559.388,107.4284204,100,99.69582622,62.85276583,0.325,100,100,229.5860833,229.7568333,131.97575,100,116.025,101.0708333,94.11083333,2.7525,182.235,153.3061704,8.075,154.9738333,63.70080642,142.4745833,134.1565833,100.0015,99.999,243.2843333,114.5565888,1.8025,0.085833333,0.14,14010.125,8566.7,6927.475,4030.975,60.9,1286.425,517.975,1330.55,835.125,1997.4,1592.05,11006.8,2621.7535,2118.52725,432.015,71.21175,3137.0105,1286.54,1850.4705,-568.55,2191.275,2759.85,-441.35,11006.825,2621.754,2118.527,432.015,71.21175,3137.01025,1286.54,1850.47075,-568.6,2191.275,2759.85
2013,16784.825,17015.6,17330.86074,16495.375,16722.325,17032.16656,12307.275,157.8836422,107.877387,64.24283466,5.32611624,4.730294405,-3.15244669,12807.73826,108.0674336,102.5964166,100.4264642,63.71657815,0.325,101.34625,101.52625,232.95175,233.8104167,133.5915833,101.7725,118.225,98.02916667,97.90583333,3.726666667,194.96,155.8124893,7.358333333,155.3975,63.25271919,143.9406667,136.3556667,100.50075,101.704,245.6793333,115.2971891,2.350833333,0.058333333,0.1075,14181.1,8834.2,7113.175,4026.85,88.325,1315.225,556.975,1273,793.325,2010.675,1611.85,11317.2,2826.01325,2211.49425,509.9885,104.53075,3132.4085,1226.5775,1905.83125,-490.8,2273.425,2764.2,-360.425,11166.85,2801.47325,2205.964,485.452,108.655,3061.03925,1215.26325,1845.31925,-532.825,2269.65,2802.45
2014,17527.275,17768.3,17965.78702,16912.025,17146.5,17335.68627,12695,158.9132346,109.0883575,64.00401239,4.932093638,4.700488027,-2.447188341,13069.35429,108.775947,105.3480667,101.1624567,64.59453987,0.325,102.8295,103.122,236.715,237.9023333,135.5240833,103.64675,120.625,89.56666667,93.25833333,4.368333333,204.67,160.2282785,6.158333333,155.92025,62.884711,146.3186667,138.92225,101.35975,104.0155,247.9465833,116.401703,2.540833333,0.0325,0.089166667,14991.725,9249.1,7475.225,4354.575,69.825,1377.9,604.625,1349.025,953.2,2120.225,1715.35,11822.75,3044.17825,2400.05675,560.15575,83.966,3167.985,1215.002,1952.98325,-507.65,2371.7,2879.375,-365.575,11497.4,2959.1985,2365.3145,504.10775,86.29925,3033.446,1183.84075,1848.62725,-577.2,2365.275,2942.5
2015,18238.3,18458.7,18466.11138,17432.175,17647.625,17649.91361,13167.175,159.9536815,110.3432891,63.77543447,4.770162058,4.674010488,-1.233392614,13339.69805,109.4893399,108.2011997,101.9041827,65.50116571,0.325,103.0435,104.404,237.00175,242.2574917,135.362325,104.639,123.325,46.51416667,48.68833333,2.6125,215.3725,182.7233349,5.274999917,157.1380833,62.65481574,148.8446583,141.80425,102.957,106.21625,250.8005833,117.8307379,2.135833333,0.052499992,0.1325,15724.225,9699.425,7859.5,4544.175,56.25,1366.725,649.05,1439.1,1033.05,2060.475,1665.275,12297.475,3237.16075,2466.55525,633.821,136.78475,3230.23075,1220.79225,2009.439,-526.575,2265.85,2792.425,-423.675,11934.3,3121.75575,2420.3485,555.427,137.58475,3088.232,1183.7645,1902.9095,-719.525,2375.225,3094.775
2016,18745.1,18977.125,18981.885,17730.525,17955.425,17954.58,13405.95,160.847475,111.6243783,63.53814666,4.6813125,4.646577533,-1.248338618,13598.355,110.104825,110.847675,102.6538096,66.39805238,0.325,104.1205,106.102,239.98915,247.585075,136.625075,105.736,126.25,38.676665,43.14416667,2.4925,227.715,190.8605381,4.875,159.1875,62.7866825,151.436425,144.329425,103.30225,107.78,253.5375,118.866525,1.8416665,0.317500025,0.395,16160.725,9963.85,8089.15,4659.1,36.025,1388.725,682.65,1474.25,1077.45,2023.725,1603.775,12769.95,3188.34125,2460.4995,699.49,28.3515,3299.28375,1234.70525,2064.579,-512.5,2227.175,2739.7,-407.45,12264.6,3074.77025,2432.98775,592.11625,24.54425,3144.3845,1190.527,1951.95375,-763.625,2382.25,3145.875
2017,19542.975,19835.25,19656.985,18144.1,18421.025,18250.2975,13778.525,161.58675,112.9438136,63.29228804,4.629743,4.616636462,-0.583391173,13851.3325,110.63535,113.41905,103.4537886,67.30898448,0.325,105.9835,107.855,245.121325,252.153575,139.035775,107.751,129.45,49.2266675,50.88416667,2.960833333,242.04,189.8761956,4.35,160.31775,62.850385,153.335325,146.58915,104.59075,109.409,255.079,119.938475,2.32999975,0.9308335,1.0016665,16948.575,10422.55,8471.45,4969.4,41.525,1467.45,721.925,1577.65,1160.85,2114.525,1617.3,13340.35,3351.144,2574.47325,760.34725,16.3235,3407.01475,1263.85825,2143.15675,-555.55,2374.575,2930.075,-391.525,12587.15,3183.423,2524.152,615.6785,15.7875,3172.32775,1194.091,1976.1635,-816.825,2475.525,3292.35
2018,20611.875,20896.575,20487.3425,18687.8,18951.9,18574.965,14258.45,162.18735,114.5273733,63.05379994,4.59878975,4.58342499,0.60721397,14131.5725,111.192175,116.345725,104.3493256,68.32681632,0.325,108.239,110.00525,251.101425,257.5631,141.8419,110.32175,133.4,61.0250025,64.93833333,3.141666667,257.445,188.2648433,3.8916665,162.073,62.869995,155.75865,148.890725,106.10175,111.6095,257.7906667,121.478025,2.91,1.93916675,1.83166675,17851.85,10950.075,8894.225,5291.875,43.025,1542.925,759.275,1641.575,1305.075,2242.975,1730.425,13993.275,3632.8785,2776.65175,798.4905,57.73625,3595.16125,1339.44925,2255.71175,-609.425,2528.7,3138.15,-467.8,12928.15,3384.8585,2698.88,612.00975,53.41525,3229.8,1227.84775,2000.184,-877.7,2549.55,3427.2
2019,21433.225,21702.85,21252.35,19091.65,19338.375,18930.5925,14609,162.691975,116.3580563,62.83049973,4.54209475,4.542095118,0.850399047,14439.8475,111.759325,119.434475,105.3422041,69.46301972,0.325,109.85125,111.875,255.65075,263.2091,143.90365,112.31725,137.375,57.8816675,56.98416667,2.565833333,270.855,194.3587576,3.6833335,163.537425,63.099045,157.536,150.9354,107.91275,112.4335,259.175,122.87485,2.1441665,2.0608335,2.15833325,18551.5,11432.45,9309.35,5412.65,49.675,1608.025,787.125,1677.425,1290.4,2250.55,1745.05,14544.6,3751.22225,2894.993,807.12925,49.1,3747.874,1419.15075,2328.7235,-610.45,2514.75,3125.225,-502.8,13240.25,3442.569,2776.8015,601.52,48.54525,3303.86825,1277.243,2025.5185,-917.625,2546.55,3464.2
2020,20933.49,21162.095,21894.9825,18435.8725,18643.435,19284.3725,14003.75,163.182725,118.1761297,62.6266847,4.49643125,4.49643141,-4.399595551,14742.525,112.3053,121.997575,106.4214657,70.57436725,0.325,111.12535,113.4229,258.759975,267.660225,144.972625,113.5355,141.1711,36.9447375,39.2275,2.034166667,289.096375,198.5891909,8.10833425,160.74175,61.7465025,147.79375,142.26065,110.9795,104.771775,260.329,126.134475,0.89416675,0.364999975,0.375833325,19675.2175,11456.3025,9336.747,5381.44675,66.375575,1611.206,804.3501,1638.3005,1261.21475,2036.773,1580.95575,14150.67,3597.27375,2786.651,881.28605,-70.663735,3822.9835,1482.04325,2340.94025,-637.449875,2120.05225,2757.477,-576.33755,12732.66,3255.36175,2659.765,635.92655,-76.3177875,3334.974,1330.965,2004.665,-904.123,2212.59075,3116.714
2021,22253.125,22566.74,22673.475,19281.9225,19560.0825,19641.955,14797.1275,163.70645,119.982299,62.43610014,4.46081025,4.460810144,-1.835019332,15050.525,112.783275,124.787,107.5761452,71.74346667,0.325,112.9501,115.0809,263.77485,271.842625,147.555975,115.403875,144.10935,47.2207575,50.07694676,2.822291667,305.235025,187.8218599,5.742635,162.450775,61.918135,153.124075,146.79855,111.95245,109.64475,262.3617388,125.821375,1.09705525,0.12682685,0.081763975,20007.9025,12050.42,9793.522,5581.99825,62.0205525,1778.71025,837.71885,1557.876,1345.67275,2302.1015,1753.46275,15041.38,4096.8665,2965.52475,1040.28375,91.05859,3915.77875,1546.902,2368.8765,-800.8978,2401.5125,3202.41025,-648.214225,13316.265,3656.778,2811.69325,723.125025,87.3132625,3342.30025,1365.813,1978.57775,-1085.346,2463.50125,3548.84725
2022,23334.82,23679.575,23558.875,19838.37,20137.8575,20022.1525,15262.235,164.2242,121.9191649,62.24158443,4.43822375,4.43822338,-0.918439875,15382.225,113.210025,127.879475,108.7939445,73.04824772,0.325,115.03295,117.167075,269.276675,277.423175,150.434925,117.62075,147.893125,45.6647775,48.45802866,2.663,316.4966,184.2002643,4.98950675,163.801975,62.10197,155.629225,150.002025,113.431675,111.61435,263.7629985,126.477625,1.31093775,0.143020625,0.0861299,20357.145,12613.2925,10241.855,5686.196,54.711845,1785.67575,888.313275,1512.71825,1444.777,2339.548,1753.34675,15814.485,4259.48775,3131.745,1058.44,69.302965,3997.32725,1546.2285,2451.099,-736.4806,2567.0165,3303.497,-560.10285,13747.23,3739.778,2935.504,712.6927,65.126435,3326.73275,1339.09725,1988.6005,-1009.7043,2596.44325,3606.1475
2023,24321.975,24701.0525,24477.9275,20275.775,20598.12,20399.05,15622.295,164.762325,123.8084049,62.03517289,4.42310175,4.42310173,-0.605028277,15712.41,113.627,130.77575,110.0318472,74.34241042,0.325,117.225825,119.381525,275.375575,283.73875,153.597075,119.951425,152.19675,45.2140775,47.65568062,2.480083333,327.684475,181.3365925,4.712389,164.71695,62.0244575,156.955175,151.6028,115.466775,112.233375,265.568,127.367575,1.54544975,0.1765012,0.103761825,21132.0525,13145.7025,10676.84,5893.5225,57.9893125,1850.69375,948.72425,1525.95925,1510.15575,2501.72075,1880.5415,16546.31,4340.3245,3228.37775,1065.926,46.021075,4127.86925,1569.111,2558.758,-692.53,2669.0135,3361.5435,-489.014825,14114.3125,3760.80475,2999.9365,698.75155,41.98851,3342.78225,1331.814,2011.0035,-964.00585,2660.1575,3624.163
2024,25402.1475,25803.405,25458.4825,20742.5025,21076.415,20782.435,16030.3525,165.439725,125.618776,61.826063,4.41102725,4.411027207,-0.192801267,16048.585,114.1004,133.664725,111.2804218,75.61795439,0.325,119.584275,121.780775,281.763075,290.337675,156.791175,122.459575,156.854075,45.49281,47.66780191,2.513833333,339.443625,180.0473021,4.383848,165.70795,61.927525,158.44385,153.36805,117.41035,113.258325,267.584,128.371575,1.83293375,0.270387375,0.2121011,22020.305,13717.2325,11149.9225,6106.0985,59.8977925,1936.1245,993.796325,1549.7925,1566.48725,2689.8335,2043.1915,17343.18,4485.35675,3352.78925,1081.84,50.7273975,4290.06175,1601.9655,2688.09625,-716.4558,2772.1945,3488.65025,-497.10735,14502.2475,3834.8105,3086.28625,690.983825,45.66397,3378.3595,1331.63425,2045.65275,-998.038325,2721.289,3719.327
2025,26529.205,26942.2325,26479.8575,21210.69,21547.085,21165.8575,16456.775,166.13475,127.4011974,61.62504549,4.399257,4.39925715,0.211396671,16388.895,114.51995,136.6939,112.5398626,76.93862397,0.325,122.062875,124.313925,288.4479,297.269875,160.1613,125.07035,161.876675,46.351595,48.49051981,2.544833333,351.2011,179.1594727,4.06397825,166.635125,61.809265,159.86325,155.0477,119.270475,114.458075,269.596,129.38575,2.1466985,0.551314425,0.632287275,23006.155,14314.475,11641.1125,6354.4765,61.7336975,2023.10625,1019.4395,1631.554,1618.643,2861.40325,2190.4275,18194.085,4647.32575,3490.22425,1101.79525,55.3062,4454.13225,1640.61675,2813.5155,-766.340825,2872.29675,3638.6375,-541.828425,14904.895,3921.003,3183.16125,685.44955,49.1249175,3410.28925,1335.23375,2073.1875,-1058.66775,2778.8625,3837.53025
2026,27630.2575,28046.31,27528.1425,21623.94,21955.5825,21539.2425,16833.84,166.747675,129.1721909,61.43871064,4.385673,4.385672997,0.393182162,16724.4575,114.826125,139.7523,113.8105203,78.3046613,0.325,124.62505,126.9412,295.393775,304.505325,163.643075,127.772525,167.2451,48.0222475,50.17618574,2.565583333,363.20605,178.0168687,3.894996,167.356075,61.6649675,160.83755,156.227625,121.167375,115.248325,271.396,130.453175,2.46908975,1.015511175,1.0695904,24053.3625,14902.255,12118.155,6658.7895,63.3408675,2107.3175,1039.86675,1782.18575,1666.07875,2974.0075,2277.0705,19015.1975,4801.928,3613.3365,1137.46675,51.1249925,4619.10825,1681.79725,2937.31075,-805.97655,2972.51225,3778.48875,-584.0295,15257.435,3997.54325,3265.132,688.7217,44.5568525,3437.95575,1339.44475,2095.98225,-1108.4905,2830.68175,3939.17225
2027,28689.3525,29109.165,28612.4325,21972.6975,22300.07,21909.6975,17147.3175,167.318975,130.9452163,61.26847377,4.3688945,4.368894666,0.2877627,17059.605,115.093875,142.818275,115.0921661,79.68802145,0.325,127.254175,129.637525,302.601325,312.0193,167.24325,130.5648,172.86575,49.96103,52.14227307,2.599166667,375.83065,176.464304,3.9390885,167.9411,61.49624,161.325675,156.851075,123.199075,115.459075,273.092,131.453175,2.74862425,1.371758,1.3200415,25099.9025,15464.68,12563.6375,6991.51,65.183415,2188.6935,1061.04975,1958.73675,1717.84725,3068.93525,2343.9045,19776.2175,4967.112,3748.7015,1176.651,41.7593625,4787.54375,1725.6555,3061.8885,-841.51865,3069.62725,3911.14575,-623.1174,15540.26,4077.86875,3355.09475,692.6961,35.4861225,3463.32825,1344.266,2115.97325,-1153.909,2873.9055,4027.8145
2028,29783.89,30215.0125,29737.825,22324.555,22653.3725,22286.84,17465.6375,167.873225,132.7594648,61.11461297,4.3488065,4.348806486,0.169378595,17403.155,115.392925,145.940175,116.3830513,81.08206554,0.325,129.925925,132.380875,310.036275,319.79485,170.945875,133.409575,178.63,51.9700225,54.17704531,2.632,389.168175,175.2979166,4.026104,168.405575,61.3102625,161.625375,157.271875,125.4187,115.521025,274.678,132.411025,2.97627175,1.64661425,1.6953375,26242.6175,16039.8525,13017.26,7372.105,67.24791,2272.91575,1091.73825,2161.20925,1778.99425,3158.5745,2403.672,20588.1275,5126.5385,3884.5065,1199.9715,42.0600175,4958.08475,1770.864,3187.22075,-888.85715,3165.96875,4054.82575,-668.569525,15845.56,4151.10475,3443.2505,687.17115,35.1447375,3486.596,1349.1465,2133.86125,-1212.21175,2913.24625,4125.45825
2029,30902.95,31349.88,30904.4175,22678.4425,23011.9225,22677.295,17786.33,168.437925,134.6324573,60.97441312,4.32660275,4.326603046,0.005347232,17760.54,115.775775,149.1011,117.682189,82.4734709,0.325,132.612175,135.137675,317.6012,327.71655,174.652925,136.262325,184.5023,54.053015,56.28414538,2.67675,403.366075,174.2757218,4.127615,168.8651,61.12905,161.89495,157.635375,127.65445,115.581925,276.244,133.37575,3.15732125,1.90919775,2.0080185,27410.3025,16628.5325,13475.17,7765.6345,69.6239975,2355.2875,1127.60425,2362.21425,1850.9045,3239.986,2455.41825,21404.9375,5287.462,4020.0275,1222.764,44.670145,5129.71675,1816.43825,3313.27875,-919.165525,3270.69675,4189.86225,-691.87815,16140.555,4224.79175,3530.3385,681.623175,36.826935,3508.44425,1354.153,2150.25325,-1253.183,2958.496,4211.679
2030,32039.75,32498.1425,32101.42,23028.13,23362.915,23071.4075,18104.49,168.996575,136.519483,60.84086697,4.3036125,4.303612257,-0.187389573,18123.5125,116.178675,152.2434,118.9902378,83.86712767,0.325,135.314075,137.911,325.17445,335.635825,178.33875,139.12955,190.45685,55.54193,57.8099642,2.73475,418.377625,173.3788118,4.26451675,169.285275,60.94668,162.066075,157.879675,129.9541,115.56745,277.76,134.265525,3.28977675,2.16303825,2.3368945,28631.615,17228.705,13936.7525,8196.9285,72.20883,2439.344,1165.26975,2586.07725,1934.0285,3322.0775,2509.32425,22236.285,5437.35875,4150.24475,1240.7495,46.36457,5302.6245,1861.569,3441.05575,-936.520075,3381.65425,4318.1745,-707.0475,16432.605,4288.47275,3611.842,673.5029,37.6775325,3528.638,1358.33325,2165.76675,-1281.422,3009.289,4290.71075
2031,33237.6275,33700.91,33328.2075,23402.8175,23734.1525,23466.8375,18451.24,169.567075,138.39216,60.71131456,4.28085275,4.280852991,-0.272726611,18490.2475,116.5888,155.357375,120.3100986,85.26320727,0.325,138.03475,140.702975,332.769675,343.55645,182.008925,142.0204,196.480475,56.653275,58.96671606,2.789476256,434.08185,172.5185829,4.330593,169.738575,60.773135,162.38785,158.2853,132.259375,115.7277,279.299,135.12635,3.385008,2.323978,2.48189975,29983.6825,17862.5275,14428.235,8655.7425,74.8385025,2530.2895,1215.51475,2810.1035,2024.996,3410.887,2565.1775,23131.475,5590.90125,4280.3225,1258.25575,52.322575,5479.49825,1907.547,3571.95125,-964.2466,3495.1135,4459.36025,-739.4978,16757.205,4353.72575,3692.195,665.19255,42.0791275,3547.98,1362.0915,2180.80875,-1319.68425,3061.4575,4381.14125
