city,state,total population 2019,percent urban 2019,percent rural 2019,median age,median income 2019,median house price 2019,median rent 2019,cost of living index,population density 2019
Nevada-City,California,3148.0,99,1,52.3,35525.0,469921.0,1215.0,108.9,1495.0
Port-Jervis,New-York,8558.0,100,0,43.9,29529.0,157511.0,1073.0,133.2,3375.0
Richmond,California,110567.0,100,0,36.5,32059.0,572400.0,1679.0,150.2,3688.0
Kansas-City,Missouri,495327.0,99,1,35.3,32517.0,168400.0,979.0,87.1,1580.0
Annapolis,Maryland,39223.0,100,0,37.5,48063.0,432491.0,1614.0,136.0,5829.0
Durango,Colorado,18973.0,98,2,34.9,44579.0,532992.0,1356.0,96.2,2797.0
Murfreesboro,Tennessee,146900.0,100,0,31.2,31117.0,273500.0,1113.0,89.0,3768.0
Mars-Hill,Maine,1493.0,,,44.0,21913.0,80876.0,,87.5,43.0
Lincoln,Nebraska,289102.0,100,0,33.5,33249.0,189400.0,857.0,84.4,3873.0
Bloomfield,New-Mexico,7685.0,95,5,33.4,20616.0,152160.0,696.0,85.9,1534.0
Junction,Texas,2404.0,100,0,37.4,21972.0,102349.0,759.0,78.5,1051.0
Yakima,Washington,93637.0,100,0,33.4,22455.0,216600.0,842.0,95.4,4653.0
Largo,Florida,84948.0,100,0,48.9,28237.0,114600.0,1197.0,93.4,5424.0
Portales,New-Mexico,11610.0,98,2,26.9,18587.0,122640.0,778.0,83.5,1695.0
Roselle,Illinois,22463.0,100,0,40.9,41078.0,263543.0,1466.0,105.8,4180.0
Los-Angeles,California,3979576.0,100,0,35.9,37779.0,697200.0,1554.0,144.8,8484.0
Conway,Arkansas,67638.0,96,4,28.7,29796.0,202500.0,828.0,85.3,1930.0
Tucson,Arizona,548073.0,99,1,34.5,24808.0,172700.0,846.0,89.4,2815.0
Shirley,New-York,27854.0,,,35.8,35262.0,287722.0,1936.0,149.6,2503.0
Bloomington,Indiana,85755.0,99,1,23.7,23621.0,231300.0,949.0,88.3,4345.0
Douglas,Georgia,11695.0,98,2,30.8,19791.0,119544.0,687.0,79.3,908.0
Plymouth,Massachusetts,7494.0,,,44.8,48722.0,373385.0,1335.0,138.5,3318.0
Gillette,Wyoming,32030.0,99,1,31.7,33508.0,230827.0,863.0,84.9,2396.0
Birmingham,Alabama,209403.0,99,1,36.7,25552.0,98800.0,839.0,86.6,1397.0
Santa-Rosa,California,176753.0,100,0,39.2,40073.0,603100.0,1728.0,146.1,4405.0
Queensbury,New-York,27901.0,,,44.7,44388.0,240817.0,,110.4,443.0
Emlenton,Pennsylvania,573.0,0,100,43.0,30985.0,100255.0,774.0,91.5,692.0
Jackson,Wisconsin,7200.0,100,0,44.1,37830.0,232006.0,1006.0,98.1,2857.0
South-Chicago-Heights,Illinois,4003.0,100,0,35.2,19970.0,109394.0,1067.0,103.4,2608.0
Cheboygan,Michigan,4686.0,88,12,40.0,21628.0,88249.0,733.0,77.2,690.0
Homewood,Alabama,25377.0,100,0,31.3,46743.0,371628.0,1120.0,90.2,3055.0
Danbury,Connecticut,84694.0,96,4,40.4,36720.0,296400.0,1494.0,132.1,2011.0
Oakland,Tennessee,8345.0,96,4,37.7,39061.0,213248.0,1562.0,87.9,2316.0
La-Crosse,Wisconsin,51227.0,100,0,29.5,27130.0,161659.0,810.0,99.4,2544.0
Rehoboth-Beach,Delaware,1546.0,100,0,65.4,141811.0,1000000.0,1231.0,100.1,1310.0
Douglas,Arizona,16193.0,96,4,34.1,18819.0,105219.0,574.0,81.2,2096.0
Taos,New-Mexico,5929.0,99,1,51.9,25905.0,275255.0,710.0,95.2,1103.0
Salisbury,Maryland,32935.0,100,0,30.1,22645.0,176223.0,1048.0,92.6,2976.0
Fort-Lauderdale,Florida,182437.0,100,0,41.1,45979.0,359200.0,1413.0,116.9,5750.0
Bloomingdale,Illinois,21779.0,100,0,42.3,45218.0,310340.0,1434.0,106.3,3219.0
Cincinnati,Ohio,303940.0,100,0,32.5,33910.0,170800.0,775.0,88.7,3898.0
Waukesha,Wisconsin,72299.0,100,0,39.7,37771.0,234700.0,994.0,98.0,3346.0
Springfield,Illinois,114230.0,100,0,40.1,33176.0,143200.0,814.0,87.0,2115.0
Carol-Stream,Illinois,39203.0,100,0,38.9,36537.0,254101.0,1221.0,104.7,4407.0
Rock-Island,Illinois,37176.0,100,0,36.5,26174.0,108893.0,707.0,86.0,2335.0
Early,Texas,3160.0,97,3,37.0,26835.0,128140.0,829.0,78.9,1231.0
Decatur,Alabama,54445.0,95,5,41.6,30080.0,148834.0,712.0,81.6,1019.0
Winfield,Illinois,9636.0,100,0,50.3,56282.0,313213.0,2191.0,108.3,3568.0
Charlottesville,Virginia,47266.0,100,0,31.8,39652.0,316823.0,1160.0,94.5,4606.0
Jackson,Ohio,6230.0,97,3,38.0,24104.0,102606.0,812.0,78.4,829.0
West-Memphis,Arkansas,24402.0,100,0,33.9,20780.0,92505.0,704.0,84.7,921.0
Elkhart,Indiana,52358.0,100,0,33.8,20767.0,106600.0,820.0,86.6,2451.0
Edison,New-Jersey,101207.0,,,36.3,46972.0,397651.0,,130.3,3360.0
Chico,California,103301.0,100,0,30.2,32987.0,378100.0,1128.0,97.6,3723.0
Mineral-Springs,Arkansas,1148.0,0,100,39.4,23607.0,93677.0,647.0,78.4,496.0
Columbus,Georgia,185888.0,,,32.6,27465.0,139568.0,,86.8,860.0
Rochester,New-York,205695.0,100,0,33.3,25059.0,87000.0,847.0,102.3,5740.0
Pinellas-Park,Florida,53637.0,100,0,44.9,27531.0,177920.0,1153.0,94.8,3637.0
Sioux-Falls,South-Dakota,183793.0,100,0,35.3,35633.0,218900.0,849.0,81.0,3264.0
Crestview,Florida,25274.0,95,5,31.7,26963.0,180723.0,1043.0,87.7,1975.0
Albertville,Minnesota,7539.0,99,1,36.3,37593.0,278957.0,1094.0,111.8,1720.0
Prosser,Washington,6380.0,98,2,37.5,25172.0,213926.0,873.0,94.2,1484.0
Pompano-Beach,Florida,112118.0,100,0,46.3,34150.0,245400.0,1343.0,115.1,5455.0
Daytona-Beach,Florida,69186.0,99,1,42.7,26088.0,168700.0,981.0,89.2,1179.0
Poulsbo,Washington,11168.0,100,0,42.9,39145.0,413591.0,1553.0,113.5,3478.0
Portland,Tennessee,13030.0,89,11,34.4,23684.0,169858.0,885.0,87.1,1140.0
Laredo,Texas,262491.0,100,0,29.2,20543.0,148100.0,860.0,82.6,3346.0
Kapaa,Hawaii,10699.0,,,41.1,35273.0,593077.0,1339.0,102.2,1097.0
Las-Vegas,Nevada,651319.0,100,0,36.8,31292.0,305900.0,1141.0,98.2,5748.0
Trenton,New-Jersey,83203.0,100,0,34.5,19180.0,97600.0,1002.0,110.4,10866.0
Hillsdale,New-Jersey,10307.0,100,0,43.7,61031.0,578018.0,1495.0,119.2,3457.0
North-Miami,Florida,62822.0,100,0,36.5,22082.0,231213.0,1242.0,110.3,7428.0
Shepherd,Texas,2413.0,0,100,30.7,18616.0,117917.0,612.0,78.8,395.0
Sacramento,California,513624.0,100,0,34.8,34659.0,380600.0,1370.0,102.1,5286.0
Bridgeport,Connecticut,144399.0,100,0,33.9,22506.0,194800.0,1130.0,131.5,9025.0
Endicott,New-York,12532.0,100,0,38.4,23409.0,89055.0,719.0,100.2,3995.0
Newark,Delaware,33515.0,100,0,25.3,29622.0,290369.0,1270.0,102.4,3755.0
Peoria,Illinois,110417.0,100,0,36.5,34013.0,124600.0,759.0,85.2,2487.0
Olympia,Washington,52882.0,100,0,39.0,37041.0,343860.0,1179.0,111.7,3165.0
Somerton,Arizona,16554.0,97,3,27.9,14593.0,138121.0,741.0,88.1,12492.0
Cleveland,Tennessee,45504.0,100,0,35.2,24993.0,176080.0,768.0,83.6,1824.0
Washburn,Maine,1687.0,,,44.4,24145.0,82645.0,,87.3,49.0
Guymon,Oklahoma,10996.0,97,3,31.0,20307.0,134213.0,848.0,81.3,1505.0
Lemon-Grove,California,26811.0,100,0,36.2,26314.0,474610.0,1413.0,136.5,7055.0
Omaha,Nebraska,478192.0,100,0,34.6,33786.0,175800.0,940.0,89.2,4133.0
Edinburg,Texas,101170.0,99,1,29.1,21200.0,128500.0,854.0,82.1,2707.0
North-Platte,Nebraska,23639.0,100,0,39.1,29199.0,131797.0,780.0,77.0,2259.0
Encinitas,California,62709.0,100,0,44.3,69506.0,1000000.0,2099.0,142.1,3281.0
Clarkston,Georgia,12637.0,100,0,28.2,16219.0,143763.0,1103.0,96.3,11982.0
Batesville,Mississippi,7218.0,90,10,31.7,22282.0,146945.0,760.0,79.8,648.0
Hayward,Wisconsin,2311.0,94,6,33.0,21537.0,137035.0,674.0,78.3,778.0
Louisville,Tennessee,4141.0,24,76,51.0,46366.0,245759.0,946.0,80.5,358.0
Fairview,Tennessee,9146.0,80,20,39.0,28699.0,245823.0,1148.0,88.7,648.0
San-Antonio,Texas,1547253.0,100,0,34.4,26826.0,171100.0,1029.0,87.5,3796.0
Lowell,Massachusetts,110997.0,100,0,36.2,32242.0,293900.0,1245.0,136.3,8059.0
Chesapeake-City,Maryland,691.0,52,48,50.2,44955.0,287021.0,911.0,101.0,1223.0
Brady,Texas,5302.0,92,8,39.6,22592.0,98283.0,765.0,77.6,577.0
Idaho-Falls,Idaho,62888.0,100,0,33.8,29952.0,192734.0,764.0,88.1,3685.0
Fall-River,Massachusetts,89541.0,99,1,39.2,24039.0,259600.0,838.0,134.8,2886.0
Ontario,California,185010.0,99,1,32.1,25143.0,435500.0,1577.0,82.7,3716.0
Tupelo,Mississippi,38312.0,97,3,36.6,29333.0,157798.0,825.0,81.0,750.0
Christopher,Illinois,2717.0,95,5,36.9,21530.0,70309.0,686.0,75.6,1927.0
Arnolds-Park,Iowa,1313.0,90,10,59.3,40112.0,241898.0,864.0,82.6,1013.0
Cheyenne,Wyoming,64235.0,99,1,37.2,40296.0,251255.0,810.0,83.5,3043.0
Cookeville,Tennessee,34706.0,95,5,30.7,23593.0,180696.0,760.0,81.4,1588.0
Bristol,Connecticut,59947.0,100,0,40.4,37054.0,200020.0,1025.0,104.6,2262.0
Warwick,Rhode-Island,81004.0,100,0,44.7,41109.0,247500.0,1179.0,92.4,2282.0
Yuma,Arizona,98285.0,99,1,30.6,23716.0,163900.0,924.0,89.0,922.0
Freehold,New-Jersey,11682.0,100,0,36.1,31583.0,307777.0,1475.0,120.7,5855.0
Vienna,Virginia,16485.0,100,0,41.7,72553.0,774001.0,2102.0,170.5,3711.0
Box-Elder,Montana,87.0,,,49.5,19413.0,73353.0,266.0,84.1,15.0
Indianapolis,Indiana,876384.0,99,1,34.3,29008.0,155400.0,908.0,87.8,2424.0
Alpine,Texas,5982.0,98,2,40.9,28251.0,173796.0,723.0,80.7,1464.0
Levelland,Texas,13502.0,98,2,33.4,24181.0,114199.0,692.0,77.7,1361.0
Texico,New-Mexico,1067.0,0,100,30.2,16626.0,92033.0,800.0,85.2,1301.0
East-Providence,Rhode-Island,47618.0,100,0,41.3,34012.0,243063.0,997.0,92.3,3552.0
Redmond,Oregon,32421.0,100,0,38.4,28419.0,292943.0,1252.0,99.1,3167.0
Albany,New-York,96460.0,100,0,30.6,30777.0,189500.0,983.0,108.0,4512.0
Fern-Park,Florida,7704.0,,,44.9,32970.0,250786.0,1199.0,91.6,3756.0
Santa-Fe-Springs,California,17630.0,100,0,37.1,27446.0,494119.0,1492.0,137.8,2014.0
Charleston,South-Carolina,137566.0,96,4,34.0,45638.0,363600.0,1378.0,94.3,1418.0
Toledo,Ohio,272779.0,100,0,35.6,22111.0,84600.0,744.0,92.0,3383.0
Collegeville,Pennsylvania,5174.0,100,0,22.1,33351.0,350785.0,1213.0,102.6,3318.0
Ashland,Kentucky,20146.0,100,0,39.6,24824.0,110601.0,692.0,81.9,1819.0
Atascadero,California,30075.0,89,11,38.5,38543.0,547332.0,1585.0,106.4,1125.0
Boston,Massachusetts,692600.0,100,0,32.6,48978.0,627000.0,1735.0,146.6,14302.0
College-Station,Texas,117911.0,99,1,23.6,29651.0,286500.0,1007.0,89.2,2929.0
Mitchell,South-Dakota,15679.0,98,2,36.5,31134.0,162968.0,778.0,79.8,1589.0
Rowlett,Texas,67339.0,100,0,40.8,37796.0,264000.0,1473.0,94.6,3329.0
Pittsfield,Massachusetts,42142.0,94,6,45.0,32978.0,185431.0,884.0,106.5,1035.0
Dover,Delaware,38166.0,98,2,30.9,24397.0,178955.0,1077.0,91.1,1704.0
Myrtle-Beach,South-Carolina,34695.0,99,1,46.9,33075.0,241460.0,970.0,90.8,2068.0
Columbia,Maryland,104726.0,100,0,38.6,50277.0,402200.0,1751.0,132.9,3800.0
Stamford,Connecticut,129638.0,99,1,37.4,54943.0,565100.0,1898.0,137.5,3435.0
Hayward,California,159203.0,100,0,36.5,37243.0,645900.0,1958.0,150.4,3591.0
El-Centro,California,44079.0,100,0,32.8,20310.0,225848.0,783.0,93.5,4602.0
Lecanto,Florida,5882.0,,,46.3,22017.0,194459.0,862.0,82.9,217.0
Madisonville,Tennessee,5002.0,90,10,41.2,32741.0,156091.0,642.0,79.2,860.0
Florence,South-Carolina,38531.0,99,1,40.5,31189.0,161486.0,798.0,81.6,2177.0
Suwanee,Georgia,20907.0,100,0,38.4,39977.0,354689.0,1565.0,97.6,2131.0
Burlington,Iowa,24713.0,99,1,42.8,29181.0,100199.0,818.0,77.4,1759.0
Erie,Pennsylvania,95508.0,100,0,37.1,21437.0,91200.0,693.0,91.5,4349.0
Sayre,Oklahoma,4486.0,87,13,38.0,15509.0,84246.0,619.0,77.1,1326.0
Ambler,Pennsylvania,6491.0,100,0,35.7,37552.0,317422.0,1137.0,104.3,7683.0
Superior,Wisconsin,25977.0,96,4,38.2,28737.0,131903.0,767.0,96.8,703.0
Woodstock,Virginia,5258.0,97,3,41.7,26112.0,227466.0,962.0,82.8,1619.0
Meadville,Pennsylvania,12655.0,99,1,38.5,23435.0,111462.0,677.0,86.4,2909.0
Zanesville,Ohio,25158.0,99,1,37.7,19601.0,87216.0,759.0,78.4,2239.0
Show-Low,Arizona,11442.0,77,23,41.9,25475.0,200463.0,861.0,87.3,411.0
Augusta,Georgia,136381.0,,,34.3,24664.0,119764.0,,93.1,1443.0
Lamesa,Texas,9147.0,100,0,35.3,22760.0,81786.0,678.0,76.8,1913.0
Independence,Kentucky,28521.0,95,5,36.0,33748.0,190081.0,937.0,87.5,1700.0
Elmira,New-York,27054.0,100,0,35.0,18752.0,78091.0,678.0,101.4,3698.0
Hattiesburg,Mississippi,45863.0,97,3,29.6,23144.0,107019.0,872.0,80.8,931.0
San-Francisco,California,881549.0,100,0,38.2,75084.0,1000000.0,1959.0,173.4,18879.0
Marlow-Heights,Maryland,5618.0,,,40.9,35123.0,303848.0,1339.0,164.0,2725.0
Concord,New-Hampshire,43627.0,92,8,40.1,35744.0,244442.0,1078.0,115.8,679.0
Marion,Arkansas,12310.0,96,4,35.4,30869.0,164015.0,855.0,85.2,917.0
Sheridan,Wyoming,17940.0,100,0,38.3,33074.0,243413.0,789.0,87.7,2114.0
Winston-Salem,North-Carolina,247945.0,100,0,35.0,27107.0,154200.0,840.0,88.4,2278.0
Huntley,Illinois,27228.0,99,1,49.0,40228.0,264390.0,1232.0,104.9,2324.0
Wilkes-Barre,Pennsylvania,40766.0,100,0,34.3,20322.0,74331.0,790.0,93.4,5952.0
London,Kentucky,8068.0,100,0,43.7,25347.0,131043.0,643.0,80.4,1046.0
Barnesville,Ohio,3998.0,100,0,43.0,22148.0,83705.0,591.0,87.2,2079.0
Menasha,Wisconsin,17873.0,100,0,37.0,33225.0,141674.0,787.0,90.9,3400.0
Defiance,Ohio,16634.0,98,2,37.6,29888.0,121811.0,728.0,77.2,1578.0
Hazleton,Pennsylvania,24794.0,100,0,35.5,21025.0,96898.0,837.0,94.1,4150.0
West-Columbia,South-Carolina,17998.0,100,0,42.4,33570.0,153442.0,856.0,86.6,2963.0
Lima,Ohio,36659.0,100,0,33.0,19188.0,72578.0,697.0,89.3,2867.0
Elizabeth-City,North-Carolina,17751.0,98,2,33.9,20483.0,154336.0,904.0,83.0,1986.0
Cotati,California,7410.0,100,0,36.9,40883.0,572912.0,1753.0,143.2,3944.0
Cleveland,Ohio,381009.0,100,0,35.5,21782.0,71100.0,725.0,94.2,4911.0
Spokane-Valley,Washington,101060.0,100,0,37.5,32526.0,261400.0,986.0,93.4,
Middletown,Rhode-Island,16150.0,,,42.8,49948.0,375575.0,,122.1,1244.0
Redwood-City,California,85925.0,99,1,38.3,74326.0,1000000.0,2760.0,176.5,4412.0
Durant,Oklahoma,18673.0,87,13,33.6,22582.0,132493.0,751.0,80.8,981.0
Starkville,Mississippi,25653.0,96,4,27.8,23685.0,190576.0,773.0,84.2,999.0
Baton-Rouge,Louisiana,220236.0,100,0,33.8,28511.0,187500.0,874.0,90.0,2866.0
Benton-City,Washington,3495.0,98,2,35.8,27390.0,173574.0,902.0,93.4,2008.0
East-Chicago,Indiana,27817.0,100,0,34.6,18570.0,81277.0,694.0,94.0,2323.0
Orlando,Florida,287442.0,99,1,34.6,34656.0,260800.0,1307.0,92.5,3074.0
Hot-Springs,Arkansas,38797.0,98,2,42.0,24502.0,122197.0,719.0,82.0,1180.0
Dupont,Pennsylvania,2683.0,100,0,45.5,30093.0,105113.0,762.0,93.9,1767.0
Rockford,Michigan,6391.0,100,0,35.6,33770.0,217625.0,891.0,85.3,2133.0
Warren,Arkansas,5587.0,97,3,39.1,18794.0,91120.0,658.0,78.5,813.0
Tustin,California,79348.0,100,0,34.7,39626.0,720100.0,2047.0,88.1,6960.0
Russell-Springs,Kentucky,2638.0,0,100,37.8,15729.0,97690.0,546.0,81.2,572.0
Hurley,New-Mexico,1176.0,0,100,37.9,20185.0,86545.0,830.0,85.3,1151.0
Santa-Barbara,California,91364.0,100,0,37.6,52079.0,1000000.0,1800.0,129.1,4815.0
Eugene,Oregon,172622.0,100,0,36.9,33176.0,329000.0,1099.0,98.5,4260.0
Dumas,Texas,13827.0,100,0,31.0,25456.0,153466.0,899.0,80.0,2697.0
Hamilton,Texas,3012.0,96,4,42.9,22326.0,127327.0,670.0,78.9,1063.0
Tyler,Texas,106985.0,99,1,35.2,28783.0,164700.0,1011.0,85.4,2170.0
Prescott,Arizona,44299.0,91,9,59.7,38308.0,398061.0,947.0,94.7,1195.0
San-Jacinto,California,49215.0,99,1,32.3,20945.0,264611.0,1332.0,80.8,1976.0
Little-Rock,Arkansas,197312.0,98,2,37.4,34701.0,171700.0,875.0,84.9,1698.0
Grants-Pass,Oregon,38170.0,99,1,39.1,24554.0,255897.0,1065.0,92.3,5033.0
Tampa,Florida,399700.0,100,0,36.0,36747.0,265700.0,1202.0,95.9,3567.0
Victoria,Texas,66916.0,98,2,35.1,27535.0,140300.0,1005.0,84.2,2030.0
Lewiston,Idaho,32788.0,99,1,40.3,31040.0,227673.0,744.0,89.1,1987.0
Pawtucket,Rhode-Island,72117.0,100,0,36.0,27438.0,217700.0,935.0,92.2,8255.0
Folcroft,Pennsylvania,6632.0,100,0,36.4,27135.0,115220.0,1240.0,101.4,4896.0
Saginaw,Michigan,48115.0,100,0,35.0,17820.0,42871.0,716.0,81.4,2758.0
White-Deer,Texas,955.0,0,100,40.7,40958.0,114664.0,926.0,78.6,548.0
Schaumburg,Illinois,72887.0,100,0,40.4,44358.0,255700.0,1444.0,106.0,3836.0
Wilmington,North-Carolina,123744.0,100,0,35.9,32024.0,273600.0,1092.0,95.1,3018.0
Texline,Texas,539.0,0,100,48.0,33316.0,98051.0,763.0,78.6,532.0
Kalispell,Montana,24565.0,100,0,37.0,27167.0,261578.0,858.0,88.6,4500.0
Austin,Texas,978908.0,99,1,33.9,46217.0,378300.0,1334.0,95.5,3892.0
Milledgeville,Georgia,18704.0,100,0,26.4,16743.0,140254.0,725.0,81.2,936.0
Hopatcong,New-Jersey,14186.0,96,4,42.1,45563.0,247720.0,1522.0,113.3,1294.0
Atlantic-Highlands,New-Jersey,4351.0,100,0,47.6,63532.0,432765.0,1420.0,119.7,3519.0
Portage,Michigan,49445.0,99,1,37.9,35570.0,177192.0,851.0,82.2,1535.0
Joplin,Missouri,50925.0,100,0,36.6,25879.0,126751.0,736.0,82.3,1621.0
Des-Moines,Iowa,214237.0,100,0,35.2,29768.0,150200.0,872.0,90.0,2826.0
San-Jose,California,1021795.0,100,0,37.4,51310.0,999900.0,2223.0,157.2,5843.0
Tulsa,Oklahoma,401190.0,99,1,35.5,32746.0,152700.0,827.0,86.3,2197.0
Amarillo,Texas,199371.0,99,1,34.7,27518.0,151700.0,846.0,83.5,2219.0
Cary,Illinois,18067.0,100,0,40.5,43621.0,244513.0,1196.0,103.5,3439.0
Waukegan,Illinois,86075.0,100,0,32.8,23735.0,143800.0,1017.0,97.3,3740.0
Lady-Lake,Florida,16020.0,100,0,65.8,30250.0,180496.0,1079.0,91.3,2421.0
Bemidji,Minnesota,15434.0,92,8,28.2,22433.0,154146.0,818.0,79.8,1310.0
Newport,Rhode-Island,24334.0,98,2,35.9,48242.0,447990.0,1409.0,116.7,3066.0
Madison,Indiana,11861.0,99,1,43.3,25138.0,146422.0,732.0,78.5,1386.0
Fort-Stockton,Texas,8421.0,99,1,35.0,21139.0,111643.0,865.0,78.8,1644.0
Hobbs,New-Mexico,39141.0,98,2,31.8,26852.0,156234.0,1006.0,84.6,2068.0
Marshall,Minnesota,13487.0,97,3,32.1,28597.0,169792.0,711.0,76.5,1628.0
Denison,Iowa,8244.0,98,2,33.5,28938.0,100629.0,678.0,74.8,1332.0
Fort-Pierce,Florida,46103.0,99,1,38.3,20308.0,137365.0,951.0,89.0,3127.0
Spartanburg,South-Carolina,37399.0,100,0,34.9,26254.0,141056.0,857.0,83.6,1953.0
Decorah,Iowa,7576.0,98,2,30.7,28165.0,203947.0,649.0,77.9,1183.0
Mountain-Home,Arkansas,12569.0,93,7,47.8,28651.0,134388.0,683.0,80.9,1182.0
Clarksville,Indiana,21558.0,100,0,40.9,25882.0,137178.0,854.0,86.3,2136.0
Florence,Alabama,40797.0,100,0,35.0,24682.0,148783.0,617.0,81.5,1636.0
Reston,Virginia,58404.0,,,40.2,66545.0,519679.0,1877.0,168.7,3405.0
Bristol,Virginia,16762.0,100,0,42.5,23810.0,118121.0,698.0,79.9,1299.0
Holyoke,Massachusetts,40117.0,99,1,35.3,25773.0,211253.0,854.0,122.1,1885.0
Fort-Smith,Arkansas,87891.0,99,1,37.3,24958.0,138000.0,719.0,79.7,1746.0
Okeechobee,Florida,5816.0,100,0,37.2,21455.0,129437.0,816.0,79.2,1410.0
Paducah,Kentucky,24865.0,100,0,42.5,29155.0,116666.0,634.0,80.3,1276.0
Wallington,New-Jersey,11495.0,100,0,40.0,41669.0,383644.0,1316.0,121.1,11544.0
Walnut,California,29685.0,100,0,46.5,43511.0,855266.0,2548.0,140.2,3305.0
Garberville,California,12402.0,,,38.4,30127.0,350708.0,,107.5,15.0
Aberdeen,Washington,16756.0,99,1,37.4,26306.0,153359.0,833.0,83.5,1577.0
Markham,Illinois,12314.0,100,0,37.9,22539.0,95401.0,1286.0,103.6,2362.0
Delmar,Delaware,1822.0,94,6,39.9,20830.0,155030.0,755.0,80.7,1941.0
Carthage,Missouri,14746.0,99,1,32.4,20267.0,89199.0,698.0,81.6,1546.0
Phoenix,Arizona,1680992.0,100,0,34.4,30686.0,266600.0,1107.0,95.6,3540.0
Kingman,Arizona,31013.0,95,5,43.3,28670.0,177383.0,924.0,87.8,1035.0
Durham,North-Carolina,278993.0,100,0,34.5,36045.0,253500.0,1127.0,94.0,2948.0
Las-Vegas,New-Mexico,12919.0,99,1,41.7,20960.0,124118.0,611.0,83.3,1719.0
Greenfield,Massachusetts,13768.0,,,38.4,31163.0,199669.0,,115.4,2400.0
Key-West,Florida,24118.0,100,0,41.4,46623.0,699627.0,1718.0,111.1,4056.0
Corpus-Christi,Texas,326586.0,99,1,35.3,26979.0,157100.0,1037.0,86.7,2112.0
El-Dorado,Arkansas,17651.0,95,5,37.1,25009.0,94423.0,677.0,78.8,1085.0
Spencer,Iowa,10952.0,98,2,43.8,28879.0,138473.0,700.0,77.3,1082.0
Twentynine-Palms,California,26073.0,80,20,24.6,22633.0,165001.0,1001.0,80.0,476.0
Felton,Delaware,1414.0,95,5,42.2,28189.0,195289.0,891.0,90.0,2287.0
Wichita-Falls,Texas,104683.0,97,3,32.9,24635.0,111200.0,770.0,82.3,1481.0
West-Chicago,Illinois,26816.0,100,0,34.4,29469.0,256051.0,1110.0,103.8,1938.0
Jersey-Shore,Pennsylvania,4139.0,100,0,38.4,22990.0,113302.0,691.0,91.4,3375.0
Corbin,Kentucky,7202.0,99,1,37.9,23275.0,111892.0,635.0,79.0,973.0
Kennewick,Washington,84347.0,99,1,35.5,30228.0,254800.0,960.0,94.1,3678.0
Vallejo,California,121692.0,100,0,39.7,33208.0,441100.0,1680.0,139.0,4031.0
Wenatchee,Washington,34360.0,100,0,34.5,30093.0,298450.0,1006.0,96.7,4995.0
Sachse,Texas,26046.0,98,2,37.4,39637.0,299036.0,1577.0,95.3,2676.0
Union-City,Tennessee,10325.0,92,8,41.3,19883.0,110985.0,607.0,78.9,968.0
Crockett,Texas,6385.0,89,11,35.3,17283.0,90035.0,710.0,78.8,720.0
Coldwater,Michigan,12215.0,100,0,38.6,21580.0,96570.0,754.0,76.9,1503.0
West-Palm-Beach,Florida,111955.0,99,1,36.9,31400.0,267800.0,1451.0,102.1,2030.0
Moses-Lake,Washington,24086.0,100,0,32.6,25730.0,187340.0,926.0,85.7,2366.0
Tallulah,Louisiana,6666.0,100,0,34.8,15225.0,77978.0,604.0,77.2,2464.0
Gary,Indiana,74879.0,100,0,36.8,19284.0,63800.0,805.0,94.0,1491.0
Eatonton,Georgia,6725.0,64,36,39.0,21049.0,87673.0,540.0,75.9,327.0
Merlin,Oregon,1615.0,,,52.9,25958.0,293100.0,776.0,87.2,
Stratford,Texas,2057.0,0,100,39.8,24833.0,122563.0,786.0,79.3,1013.0
Fargo,North-Dakota,124662.0,100,0,33.4,35530.0,236800.0,787.0,99.9,3286.0
Dickinson,North-Dakota,23133.0,98,2,33.0,37656.0,252116.0,892.0,81.5,2443.0
Boone,North-Carolina,19667.0,99,1,21.4,17550.0,300272.0,923.0,95.8,3368.0
Eden,Texas,1294.0,0,100,44.0,13338.0,85039.0,809.0,79.3,533.0
Columbia,Missouri,123195.0,98,2,28.5,31214.0,218100.0,966.0,86.5,2321.0
Convoy,Ohio,1059.0,0,100,36.0,26293.0,80272.0,862.0,82.8,1902.0
South-San-Francisco,California,67789.0,100,0,43.4,48995.0,973400.0,2417.0,166.6,7515.0
Green-Bay,Wisconsin,104578.0,99,1,36.0,27348.0,154700.0,756.0,91.9,2384.0
Rockwall,Texas,45888.0,98,2,38.4,45060.0,293707.0,1208.0,93.9,2060.0
Stockton,California,312697.0,100,0,34.0,26417.0,317700.0,1184.0,98.6,5715.0
Pensacola,Florida,52975.0,100,0,37.0,35109.0,216434.0,974.0,86.2,2334.0
Palm-Springs,California,48518.0,97,3,56.3,48493.0,427989.0,1212.0,83.5,515.0
Ames,Iowa,66258.0,100,0,25.0,28146.0,234100.0,933.0,91.6,3072.0
Poplar-Bluff,Missouri,16937.0,97,3,35.9,18982.0,98748.0,680.0,76.0,1464.0
Bolton,Connecticut,4980.0,,,45.4,51857.0,304300.0,,104.2,346.0
Silver-Spring,Maryland,83247.0,100,0,35.0,45785.0,527300.0,1729.0,193.3,8835.0
Bowling-Green,Kentucky,70543.0,98,2,27.1,25730.0,183600.0,765.0,87.5,1992.0
Pocola,Oklahoma,4121.0,10,90,38.7,22170.0,104125.0,704.0,79.0,136.0
Pendleton,Oregon,16789.0,98,2,36.4,24816.0,201002.0,855.0,85.9,1670.0
Rogers,Arkansas,68669.0,98,2,32.2,35162.0,214100.0,878.0,82.8,2048.0
Grand-Rapids,Michigan,201013.0,100,0,31.4,26399.0,168300.0,995.0,86.1,4503.0
Weatherford,Oklahoma,12017.0,99,1,24.4,26076.0,182246.0,699.0,82.1,2071.0
Gruver,Texas,1135.0,0,100,26.7,21389.0,143939.0,879.0,80.3,1064.0
New-London,Connecticut,26858.0,100,0,32.0,26616.0,192210.0,995.0,107.3,4850.0
Gladstone,Missouri,27489.0,100,0,40.7,30027.0,161655.0,951.0,86.7,3438.0
Columbia,Louisiana,366.0,0,100,43.0,22015.0,71119.0,726.0,79.5,483.0
Highlands-Ranch,Colorado,99810.0,100,0,40.1,58214.0,519000.0,1910.0,110.6,4243.0
Lancaster,California,157601.0,99,1,33.5,22586.0,284100.0,1317.0,128.9,1677.0
Willmar,Minnesota,19869.0,100,0,34.1,25600.0,146544.0,816.0,77.3,1678.0
Louisville,Kentucky,262764.0,,,35.8,27635.0,150881.0,,93.4,4230.0
Beaufort,South-Carolina,13436.0,94,6,38.0,36506.0,230545.0,929.0,83.9,722.0
Claremont,New-Hampshire,12932.0,74,26,41.8,26743.0,143549.0,1013.0,87.8,300.0
Robert-Lee,Texas,1048.0,0,100,41.5,23969.0,68078.0,591.0,77.7,919.0
Oklahoma-City,Oklahoma,655057.0,94,6,34.6,31019.0,165700.0,874.0,85.3,1079.0
South-Sioux-City,Nebraska,12809.0,100,0,32.2,23739.0,128804.0,840.0,86.4,2612.0
Hebron,Kentucky,13050.0,,,33.0,40338.0,216684.0,,91.7,262.0
Fairmont,Minnesota,10030.0,90,10,44.5,30923.0,136297.0,645.0,75.7,689.0
Killeen,Texas,151666.0,98,2,29.4,24327.0,146200.0,884.0,84.5,4291.0
Monterey,California,28178.0,100,0,38.5,50409.0,913220.0,1988.0,115.3,3340.0
Port-St.-Lucie,Florida,201846.0,100,0,42.3,28924.0,244900.0,1413.0,90.4,2672.0
Harrisburg,Pennsylvania,49271.0,100,0,30.9,22605.0,81570.0,859.0,95.0,6075.0
Lafayette,Indiana,71721.0,100,0,34.4,27232.0,118800.0,861.0,87.8,3569.0
Parkville,Maryland,30734.0,,,35.4,32999.0,212539.0,1254.0,130.0,7261.0
Murphy,North-Carolina,1657.0,0,100,46.6,21976.0,181440.0,647.0,82.2,727.0
Leesburg,Virginia,53727.0,100,0,35.8,50840.0,475756.0,1629.0,164.6,4631.0
Easton,Maryland,16671.0,99,1,41.9,37400.0,292469.0,1103.0,82.9,1620.0
Poughkeepsie,New-York,30515.0,100,0,38.3,30707.0,202523.0,1140.0,136.2,5931.0
West-Frankfort,Illinois,7823.0,99,1,44.0,19958.0,67407.0,540.0,74.6,1648.0
Muscatine,Iowa,23631.0,99,1,36.4,27200.0,119121.0,876.0,78.2,1404.0
Coffeyville,Kansas,9275.0,98,2,37.0,23478.0,59951.0,622.0,73.4,1315.0
Lansing,Michigan,118210.0,100,0,33.3,24221.0,94200.0,797.0,83.8,3373.0
Columbus,Indiana,48046.0,98,2,35.5,35396.0,188396.0,948.0,87.8,1852.0
Kansas-City,Kansas,152960.0,95,5,33.4,22530.0,99700.0,930.0,86.2,1231.0
Paris,Illinois,8285.0,97,3,43.4,26138.0,80522.0,620.0,74.4,1721.0
Darlington,South-Carolina,5940.0,98,2,44.4,23842.0,133960.0,599.0,81.4,1384.0
Concord,California,129295.0,100,0,37.3,42821.0,604300.0,1982.0,146.4,4290.0
Torrance,California,143592.0,100,0,42.5,50815.0,835900.0,1876.0,143.5,6991.0
Sunny-Isles-Beach,Florida,16635.0,,,50.4,44367.0,303640.0,,121.6,16544.0
St.-Petersburg,Florida,265351.0,100,0,43.8,39621.0,242700.0,1178.0,95.7,4450.0
Shelbyville,Tennessee,22101.0,96,4,33.3,20057.0,142892.0,798.0,80.8,1429.0
Anderson,South-Carolina,27676.0,100,0,37.0,24828.0,154440.0,761.0,84.4,2000.0
Hollywood,Florida,154817.0,100,0,41.4,30675.0,292300.0,1349.0,115.7,5663.0
Marana,Arizona,49030.0,85,15,39.8,37762.0,289758.0,1209.0,90.7,675.0
Bangs,Texas,1527.0,0,100,42.5,20999.0,87130.0,550.0,77.7,1105.0
Morehead-City,North-Carolina,9619.0,100,0,48.1,34867.0,237822.0,814.0,85.0,1886.0
Minot,North-Dakota,47382.0,100,0,32.0,38007.0,215947.0,790.0,79.5,3256.0
Asheville,North-Carolina,92870.0,100,0,39.0,32635.0,329500.0,1100.0,94.3,2269.0
Bridgeport,Ohio,1728.0,91,9,44.3,21749.0,64222.0,777.0,87.7,1240.0
Wilmington,Delaware,70166.0,100,0,36.5,30845.0,174400.0,1021.0,100.9,6468.0
Detroit,Michigan,670031.0,100,0,35.0,21044.0,58900.0,866.0,87.6,4828.0
Pelham,New-Hampshire,12897.0,,,40.7,41713.0,374905.0,,127.6,488.0
Lincoln-Park,Michigan,36321.0,100,0,35.8,24163.0,87592.0,867.0,88.1,6205.0
Catasauqua,Pennsylvania,6599.0,100,0,36.4,28316.0,158165.0,974.0,99.1,5214.0
Raleigh,North-Carolina,474069.0,100,0,34.5,38494.0,274200.0,1163.0,94.8,4137.0
New-Orleans,Louisiana,390144.0,99,1,38.3,34034.0,242900.0,1010.0,97.5,2161.0
Greeneville,Tennessee,14891.0,99,1,42.6,24090.0,141647.0,596.0,79.2,1060.0
Salt-Lake-City,Utah,200567.0,100,0,32.9,39695.0,378300.0,1062.0,93.6,1839.0
Hillsdale,Illinois,505.0,0,100,39.5,27447.0,78390.0,655.0,86.4,670.0
Suitland,Maryland,25825.0,,,34.2,37618.0,334200.0,1391.0,163.3,
Pacheco,California,3685.0,,,46.1,39098.0,181624.0,1830.0,135.7,5047.0
Lakeland,Florida,112136.0,98,2,39.7,27119.0,180500.0,1010.0,86.9,2446.0
Huron,South-Dakota,13380.0,99,1,35.1,24865.0,101744.0,630.0,76.2,1630.0
Bellingham,Washington,92314.0,100,0,35.6,32848.0,432400.0,1163.0,102.3,3600.0
Elmwood-Park,Illinois,24098.0,100,0,40.3,31805.0,273484.0,1142.0,107.0,12643.0
Cave-Junction,Oregon,1977.0,0,100,40.3,16773.0,184802.0,1002.0,90.6,1202.0
Evanston,Illinois,73473.0,100,0,35.1,55227.0,395500.0,1244.0,108.6,9485.0
Duluth,Minnesota,85618.0,98,2,34.5,33273.0,170400.0,850.0,97.1,1259.0
Crete,Illinois,8023.0,99,1,47.3,37083.0,185663.0,1046.0,102.7,1258.0
Watertown,South-Dakota,22174.0,98,2,38.5,29632.0,188764.0,782.0,80.3,1456.0
Decherd,Tennessee,2371.0,89,11,38.2,20091.0,105017.0,771.0,79.7,508.0
Toms-River,New-Jersey,91785.0,100,0,43.5,38107.0,296800.0,1473.0,118.8,2331.0
Melbourne-Beach,Florida,3298.0,100,0,51.2,49148.0,428147.0,2085.0,95.0,3208.0
Newark,New-Jersey,282011.0,100,0,34.6,19805.0,270600.0,1129.0,119.1,11851.0
Hamlin,Texas,2021.0,0,100,35.9,28139.0,62734.0,738.0,77.6,380.0
Cullman,Alabama,16034.0,97,3,39.4,26953.0,152794.0,758.0,80.4,876.0
Newport,Arkansas,7474.0,94,6,37.7,16735.0,77265.0,597.0,78.2,573.0
Canton,Ohio,70447.0,100,0,38.3,18920.0,77900.0,636.0,89.1,3429.0
Allentown,Pennsylvania,121442.0,100,0,31.2,18854.0,144000.0,1057.0,100.3,6846.0
Martinsville,Virginia,12554.0,100,0,41.2,23625.0,92742.0,666.0,76.2,1146.0
Fort-Worth,Texas,909585.0,99,1,32.8,30115.0,209400.0,1110.0,94.8,3109.0
Millville,New-Jersey,27391.0,89,11,41.0,35671.0,161348.0,1067.0,99.2,647.0
Lafayette,Colorado,30687.0,100,0,39.7,51747.0,502361.0,1637.0,115.3,3467.0
State-College,Pennsylvania,42160.0,100,0,22.3,19529.0,347643.0,1048.0,104.7,9283.0
Flagstaff,Arizona,75038.0,97,3,25.8,28996.0,395300.0,1387.0,100.4,1180.0
Newport,North-Carolina,4591.0,98,2,43.7,27778.0,154183.0,864.0,80.8,625.0
West-Portsmouth,Ohio,3149.0,,,39.3,19674.0,83206.0,678.0,75.8,663.0
Astoria,Oregon,10015.0,97,3,45.2,32737.0,294856.0,969.0,92.8,1630.0
South-Lake-Tahoe,California,22197.0,98,2,37.1,33232.0,439590.0,1058.0,106.0,2207.0
Montoursville,Pennsylvania,4399.0,100,0,42.0,30724.0,173016.0,871.0,93.0,1088.0
Rumford,Maine,4218.0,,,55.6,25201.0,82138.0,581.0,84.0,535.0
Jacksonville,Florida,911507.0,97,3,36.1,30780.0,200200.0,1099.0,88.0,1203.0
Madison,Wisconsin,259680.0,100,0,31.7,40834.0,275900.0,1155.0,98.0,3781.0
Wynne,Arkansas,7749.0,90,10,39.2,26363.0,95809.0,725.0,79.2,950.0
Waco,Texas,139236.0,98,2,28.9,21918.0,145500.0,879.0,84.8,1654.0
Florence,Kentucky,33004.0,100,0,38.2,30925.0,153214.0,940.0,88.0,3343.0
Williamsport,Pennsylvania,28186.0,100,0,33.1,25390.0,114963.0,731.0,91.9,3173.0
Greencastle,Indiana,10270.0,98,2,26.9,22423.0,116367.0,766.0,86.6,1938.0
Belfast,Maine,6679.0,56,44,47.3,34167.0,200605.0,905.0,89.8,196.0
Laramie,Wyoming,32711.0,100,0,26.2,26836.0,230720.0,766.0,87.3,2937.0
Moundsville,West-Virginia,8252.0,99,1,49.1,22563.0,84490.0,598.0,89.6,2805.0
Lake-City,Florida,12352.0,99,1,36.1,22579.0,139046.0,781.0,80.2,1169.0
Surfside-Beach,South-Carolina,4525.0,100,0,56.0,38059.0,297887.0,1105.0,92.3,2339.0
Franklin-Park,Illinois,17627.0,100,0,39.5,28009.0,216031.0,899.0,104.4,3784.0
El-Sobrante,California,12669.0,,,40.9,42681.0,546520.0,1738.0,145.2,4085.0
Bluefield,Virginia,4837.0,98,2,46.0,33175.0,124466.0,692.0,77.0,638.0
Richland,Washington,58225.0,99,1,37.2,42326.0,308199.0,1137.0,94.7,1672.0
Christiansburg,Virginia,22473.0,98,2,40.2,34445.0,207402.0,913.0,86.5,1614.0
Springfield,Ohio,58877.0,100,0,35.9,21832.0,82656.0,720.0,91.7,2620.0
Lake-Charles,Louisiana,78396.0,99,1,37.6,30607.0,155600.0,830.0,85.9,1952.0
Nutley,New-Jersey,26562.0,,,39.3,45120.0,400613.0,,127.9,7886.0
Bear,Delaware,19371.0,,,36.8,33573.0,219188.0,1351.0,100.8,3373.0
Laurens,South-Carolina,8849.0,93,7,41.3,27162.0,108236.0,687.0,84.2,836.0
Wichita,Kansas,389938.0,100,0,35.3,30315.0,146700.0,833.0,81.8,2872.0
Carbondale,Illinois,25083.0,99,1,24.7,20798.0,126320.0,721.0,80.5,2109.0
Anderson,Indiana,54765.0,99,1,38.6,23052.0,81291.0,783.0,84.2,1368.0
Niceville,Florida,15972.0,100,0,38.9,38786.0,262669.0,1139.0,88.6,1462.0
Indianola,Mississippi,9037.0,97,3,34.9,17558.0,82307.0,690.0,78.7,1049.0
Chino-Valley,Arizona,12375.0,75,25,52.7,29621.0,262283.0,928.0,93.1,666.0
Grand-Junction,Colorado,63597.0,100,0,37.3,33259.0,273971.0,952.0,93.8,2064.0
Springdale,Arkansas,81125.0,97,3,31.1,22596.0,163100.0,780.0,82.3,2592.0
Grayville,Illinois,1565.0,0,100,42.7,25978.0,69664.0,465.0,85.9,1051.0
Naperville,Illinois,148449.0,100,0,40.5,59115.0,423000.0,1620.0,106.2,4196.0
Clinton,Oklahoma,9087.0,92,8,36.2,25094.0,113151.0,816.0,80.1,1018.0
Jacksonville,North-Carolina,72436.0,100,0,23.3,25863.0,164800.0,909.0,88.6,1629.0
Geneseo,Illinois,6495.0,99,1,43.6,33028.0,155777.0,733.0,86.1,1611.0
Manchester,Tennessee,11038.0,96,4,35.5,26972.0,148860.0,737.0,79.2,1001.0
Walla-Walla,Washington,32900.0,100,0,35.9,27313.0,232674.0,1039.0,88.8,3042.0
Struthers,Ohio,10111.0,100,0,38.7,22158.0,73420.0,704.0,89.2,2709.0
Richardson,Texas,121323.0,100,0,35.0,40723.0,330700.0,1531.0,96.4,4247.0
Haskell,Texas,3153.0,89,11,38.2,18926.0,71447.0,511.0,74.5,927.0
Independence,Missouri,116672.0,99,1,36.8,25341.0,129100.0,873.0,86.1,1490.0
Shiprock,New-Mexico,8295.0,,,34.2,14516.0,84239.0,479.0,83.9,522.0
Topeka,Kansas,125310.0,100,0,39.1,28704.0,105100.0,824.0,81.4,2237.0
Concordia,Missouri,2366.0,0,100,37.3,27419.0,113603.0,620.0,75.9,1408.0
Bristol,Tennessee,26987.0,95,5,42.8,26890.0,148539.0,662.0,80.9,920.0
Brea,California,43255.0,99,1,40.0,45312.0,704926.0,1925.0,87.5,4102.0
Kingston,Tennessee,5994.0,96,4,44.8,30175.0,192359.0,757.0,80.7,915.0
Dallas,Texas,1343573.0,100,0,32.9,36288.0,231400.0,1128.0,95.7,3922.0
Jamestown,North-Dakota,15084.0,98,2,38.2,29421.0,153388.0,661.0,77.8,1211.0
Traverse-City,Michigan,15738.0,100,0,41.5,40124.0,302790.0,974.0,86.4,1872.0
Decatur,Arkansas,1790.0,0,100,28.1,16737.0,98651.0,580.0,78.1,781.0
St.-Louis,Missouri,300576.0,100,0,36.4,31819.0,150700.0,828.0,88.4,4854.0
Aspermont,Texas,835.0,0,100,42.8,24190.0,67265.0,554.0,77.3,403.0
Cleveland,Oklahoma,3125.0,97,3,40.8,24970.0,93164.0,723.0,80.7,1204.0
Sioux-City,Iowa,82651.0,96,4,35.1,25240.0,120200.0,812.0,86.3,1508.0
Steeleville,Illinois,1925.0,99,1,39.3,28959.0,98368.0,699.0,75.4,1476.0
Fairmont,West-Virginia,18388.0,100,0,34.1,24027.0,115536.0,756.0,82.4,2348.0
Springfield,Oregon,63230.0,100,0,36.2,25883.0,228110.0,971.0,96.7,4390.0
Eau-Claire,Wisconsin,68802.0,99,1,32.2,30103.0,175300.0,820.0,90.7,2272.0
Pocatello,Idaho,56637.0,100,0,33.2,24376.0,160149.0,637.0,87.1,2006.0
Long-Branch,New-Jersey,30241.0,100,0,37.1,36112.0,382242.0,1326.0,122.9,5798.0
Absecon,New-Jersey,8818.0,97,3,46.1,40174.0,188666.0,1396.0,101.4,1542.0
Bartlett,Illinois,40647.0,100,0,40.1,44305.0,295957.0,1602.0,105.5,2744.0
La-Habra,California,60513.0,100,0,36.5,31658.0,575554.0,1632.0,87.5,8256.0
Tucumcari,New-Mexico,4867.0,97,3,38.8,16572.0,55093.0,557.0,78.4,645.0
Logan,New-Mexico,979.0,0,100,59.9,29687.0,88972.0,701.0,84.3,123.0
Belleville,Illinois,40897.0,100,0,37.2,28548.0,102558.0,704.0,89.2,2169.0
Tallahassee,Florida,194500.0,100,0,26.8,27203.0,219700.0,1024.0,89.6,2032.0
San-Luis,Arizona,34778.0,93,7,30.4,13722.0,127681.0,663.0,87.8,1315.0
Biloxi,Mississippi,46212.0,91,9,36.8,27006.0,175023.0,873.0,87.0,1215.0
Truth-or-Consequences,New-Mexico,5753.0,93,7,52.6,24089.0,90028.0,494.0,81.2,455.0
Oak-Grove,Missouri,8258.0,95,5,34.2,25744.0,149687.0,886.0,86.0,1701.0
Bowie,Maryland,58643.0,100,0,43.5,49821.0,373161.0,1880.0,165.0,3642.0
Stamford,Texas,2941.0,91,9,41.0,21382.0,65406.0,669.0,80.3,494.0
Kennett,Missouri,10094.0,99,1,41.9,26023.0,97893.0,575.0,74.2,1516.0
Henderson,Nevada,320189.0,98,2,43.7,44274.0,371500.0,1388.0,98.6,4018.0
Atlanta,Illinois,1600.0,0,100,38.2,25518.0,102454.0,752.0,87.4,1272.0
Durham,New-Hampshire,10345.0,,,20.6,18033.0,385876.0,962.0,136.4,3896.0
Texarkana,Texas,36317.0,100,0,36.3,28872.0,143726.0,800.0,79.9,1417.0
Ocean-City,Maryland,6944.0,100,0,56.8,43581.0,315284.0,1046.0,89.2,1524.0
Amherst,Ohio,12219.0,100,0,47.8,37581.0,179365.0,759.0,93.5,1705.0
Collinsville,Illinois,24395.0,98,2,39.4,34362.0,134341.0,886.0,90.1,1794.0
Centerville,Georgia,7884.0,100,0,36.7,29422.0,156848.0,1021.0,90.6,2813.0
Rock-Hill,South-Carolina,75048.0,99,1,36.1,32610.0,176800.0,1058.0,91.5,2419.0
Valdese,North-Carolina,4420.0,92,8,48.0,26339.0,139450.0,547.0,84.4,812.0
Titusville,Florida,46580.0,99,1,45.2,26464.0,167187.0,1004.0,89.1,2191.0
Columbus,Ohio,898553.0,100,0,32.4,31843.0,173300.0,984.0,95.4,4273.0
San-Bernardino,California,215784.0,100,0,31.1,20232.0,285000.0,1103.0,82.0,3669.0
Tacoma,Washington,217827.0,100,0,35.9,35796.0,344500.0,1273.0,114.5,4350.0
Dalton,Massachusetts,6756.0,,,44.7,39839.0,225306.0,,111.3,310.0
Muskogee,Oklahoma,37113.0,95,5,36.6,22939.0,85479.0,690.0,78.3,994.0
Chadron,Nebraska,5412.0,93,7,28.5,25069.0,140998.0,750.0,77.8,1492.0
Carlsbad,New-Mexico,29810.0,98,2,35.6,31510.0,149132.0,1015.0,84.1,1051.0
Ashland,Oregon,21281.0,100,0,46.0,39855.0,502754.0,1149.0,102.5,3274.0
Aurora,Illinois,197757.0,100,0,35.3,32650.0,211400.0,1145.0,104.0,5133.0
Atlantic-City,New-Jersey,37743.0,100,0,36.6,22225.0,154543.0,900.0,103.0,3325.0
Harrisburg,Illinois,8513.0,98,2,39.5,20691.0,75039.0,575.0,74.7,1364.0
Prescott-Valley,Arizona,46515.0,95,5,47.2,27135.0,261825.0,1052.0,93.1,1466.0
Riverside,California,331360.0,100,0,31.1,25953.0,411000.0,1504.0,82.1,4243.0
Dallas,Georgia,13981.0,100,0,33.7,20719.0,186120.0,1174.0,95.9,3099.0
Wyoming,Michigan,75667.0,100,0,34.2,26389.0,155100.0,898.0,85.3,3098.0
Youngstown,Ohio,65469.0,100,0,39.4,17661.0,50200.0,674.0,88.8,1931.0
Cleveland,Texas,8238.0,99,1,32.7,19246.0,115263.0,593.0,91.1,1712.0
Wildwood,New-Jersey,4948.0,100,0,48.7,39049.0,253410.0,1205.0,102.9,3834.0
Attleboro,Massachusetts,45237.0,100,0,41.5,39025.0,321623.0,1127.0,132.8,1644.0
Swansboro,North-Carolina,3344.0,100,0,41.5,28519.0,212815.0,1000.0,89.8,2739.0
Longview,Texas,81631.0,100,0,34.4,29017.0,147200.0,839.0,82.6,1493.0
Augusta,Maine,18697.0,73,27,46.8,30128.0,153793.0,744.0,88.2,338.0
Las-Cruces,New-Mexico,103432.0,98,2,30.5,22849.0,165300.0,791.0,85.2,1986.0
Irvine,California,287401.0,100,0,33.0,52045.0,933600.0,2480.0,89.3,6223.0
Somerdale,New-Jersey,5477.0,100,0,43.2,37196.0,177999.0,918.0,99.1,3986.0
Wisconsin-Rapids,Wisconsin,17610.0,98,2,41.3,24600.0,90478.0,765.0,76.6,1328.0
Butte,Montana,31633.0,,,38.8,28875.0,162503.0,,94.3,184.0
Lake-Orion,Michigan,3189.0,100,0,41.8,50773.0,293698.0,749.0,89.6,4200.0
New-Bedford,Massachusetts,95363.0,100,0,35.8,26278.0,243300.0,897.0,133.4,4739.0
South-Plainfield,New-Jersey,24052.0,100,0,41.1,39062.0,354931.0,1769.0,121.5,2878.0
Akron,Ohio,197597.0,100,0,38.0,27593.0,86600.0,770.0,95.6,3184.0
New-Berlin,Illinois,1333.0,0,100,37.2,31184.0,149622.0,767.0,87.7,1203.0
Tye,Texas,1333.0,33,67,40.9,19640.0,80571.0,832.0,78.5,286.0
Chattanooga,Tennessee,182799.0,98,2,37.6,31810.0,198300.0,907.0,89.2,1352.0
Medford,Oregon,83072.0,100,0,39.6,29367.0,312400.0,1000.0,98.6,3828.0
Iowa-City,Iowa,75130.0,100,0,28.4,34479.0,243500.0,1031.0,92.3,3109.0
Port-Angeles,Washington,20229.0,99,1,39.7,26679.0,239084.0,932.0,89.4,2005.0
Frederick,Maryland,72244.0,100,0,36.9,41129.0,274600.0,1397.0,173.2,3538.0
Springfield,Massachusetts,153606.0,100,0,32.1,22684.0,165800.0,936.0,120.2,4785.0
Red-Bank,New-Jersey,11966.0,100,0,35.8,54677.0,426542.0,1597.0,123.6,6707.0
Quincy,Illinois,39949.0,100,0,40.9,28955.0,111932.0,798.0,77.2,2733.0
Glassboro,New-Jersey,20288.0,99,1,28.3,28966.0,205662.0,1244.0,100.1,2204.0
Waterville,Maine,16558.0,99,1,40.3,27982.0,132763.0,750.0,87.8,1219.0
Harrison,Arkansas,13080.0,99,1,36.9,23496.0,125649.0,617.0,79.3,1278.0
Gulfport,Mississippi,71705.0,99,1,34.6,20187.0,123800.0,905.0,87.0,1260.0
Bergenfield,New-Jersey,27327.0,100,0,39.8,41327.0,365677.0,1511.0,119.2,9438.0
Chicopee,Massachusetts,55126.0,100,0,39.8,30803.0,196472.0,941.0,120.9,2410.0
Gaston,North-Carolina,1020.0,96,4,44.3,17240.0,69440.0,875.0,79.7,603.0
South-Charleston,West-Virginia,12047.0,100,0,41.9,33148.0,124078.0,669.0,84.7,1622.0
Carson-City,Nevada,55916.0,95,5,42.8,33566.0,324799.0,991.0,95.1,390.0
Milton,Georgia,39587.0,95,5,39.3,52964.0,357500.0,1493.0,97.7,
Council-Bluffs,Iowa,62166.0,98,2,38.9,26407.0,124739.0,852.0,89.1,1663.0
Throop,Pennsylvania,3896.0,100,0,39.4,28490.0,114457.0,801.0,94.2,774.0
Hampton,Virginia,134510.0,100,0,35.7,31654.0,193500.0,1100.0,96.0,2598.0
La-Grande,Oregon,13614.0,100,0,33.5,25954.0,193656.0,842.0,87.3,3129.0
Madras,Oregon,7051.0,97,3,35.4,20964.0,207285.0,870.0,90.5,3231.0
Waterbury,Connecticut,107568.0,100,0,34.9,24051.0,132300.0,956.0,126.8,3765.0
Portland,Maine,66215.0,96,4,37.2,42243.0,334200.0,1245.0,104.5,3122.0
Johnson-City,Tennessee,66906.0,99,1,34.7,32681.0,170000.0,754.0,82.7,1704.0
Easthampton,Massachusetts,16324.0,,,38.6,36232.0,249832.0,,113.3,1217.0
Georgetown,Delaware,7563.0,93,7,32.8,26892.0,231131.0,854.0,82.5,1831.0
Clovis,New-Mexico,38319.0,100,0,32.0,23062.0,132561.0,824.0,83.4,1711.0
Newark,California,49149.0,100,0,37.5,46191.0,850912.0,2511.0,153.2,3517.0
Honolulu,Hawaii,374701.0,,,39.7,42295.0,854723.0,,199.5,4372.0
Corinth,Mississippi,14472.0,80,20,39.6,27066.0,132832.0,592.0,79.2,475.0
Lufkin,Texas,35021.0,98,2,33.2,24345.0,107790.0,834.0,77.7,1312.0
Roebuck,South-Carolina,2200.0,,,46.0,26458.0,174410.0,922.0,83.9,515.0
Altus,Oklahoma,18338.0,99,1,33.2,25897.0,115193.0,744.0,79.5,1089.0
Philadelphia,Pennsylvania,1584064.0,100,0,34.7,29766.0,183200.0,1079.0,103.6,11726.0
Seattle,Washington,753675.0,100,0,34.7,65205.0,767000.0,1744.0,124.5,8986.0
San-Angelo,Texas,101004.0,98,2,35.3,28959.0,149500.0,969.0,84.3,1807.0
Milwaukee,Wisconsin,590157.0,100,0,31.5,23896.0,133600.0,865.0,97.3,6143.0
Nacogdoches,Texas,32877.0,98,2,24.9,22458.0,148978.0,686.0,79.9,1303.0
Mill-Valley,California,14259.0,100,0,49.2,124176.0,1000000.0,2299.0,171.4,3023.0
Allentown,New-Jersey,1775.0,100,0,40.2,52380.0,337732.0,1243.0,117.1,2921.0
Cameron,Missouri,9649.0,96,4,37.8,16638.0,120977.0,797.0,85.5,1812.0
Trenton,Georgia,2151.0,90,10,43.1,19019.0,137033.0,725.0,88.8,701.0
Woodward,Oklahoma,12121.0,94,6,35.4,28614.0,126583.0,804.0,80.2,924.0
Carbondale,Colorado,6898.0,99,1,37.3,39256.0,570463.0,1881.0,97.3,3430.0
Columbus,Nebraska,23468.0,98,2,36.8,30009.0,161283.0,786.0,77.2,2616.0
Miami-Beach,Florida,88885.0,100,0,40.5,52731.0,452800.0,1435.0,118.0,12637.0
St.-George,Utah,89587.0,92,8,33.5,29108.0,329100.0,1030.0,88.6,1391.0
Scranton,Pennsylvania,76653.0,99,1,38.2,25825.0,103600.0,790.0,93.9,3039.0
Spearfish,South-Dakota,11756.0,91,9,36.8,33768.0,235485.0,785.0,82.3,1925.0
Beacon-Falls,Connecticut,6049.0,,,41.5,39491.0,255130.0,,136.5,619.0
Highland,Indiana,22316.0,100,0,42.9,35527.0,175755.0,1119.0,96.7,3249.0
Caribou,Maine,7593.0,51,49,48.6,26130.0,85509.0,607.0,83.9,96.0
Marfa,Texas,1625.0,0,100,43.4,23965.0,195288.0,747.0,82.0,1038.0
Anchorage,Alaska,288000.0,95,5,34.2,41422.0,314600.0,1230.0,102.9,170.0
Bentonville,Arkansas,54909.0,94,6,32.9,42929.0,261643.0,946.0,83.0,2585.0
Levittown,New-York,51881.0,,,42.2,44988.0,462089.0,1998.0,152.0,7545.0
Blacksburg,Virginia,44233.0,99,1,22.8,23134.0,325730.0,1111.0,89.8,2285.0
Lynchburg,Virginia,82168.0,97,3,28.2,24539.0,170500.0,886.0,84.0,1664.0
Manchester,Connecticut,58241.0,,,36.9,41232.0,209836.0,,110.0,2137.0
Fruitland-Park,Florida,10730.0,86,14,51.9,34497.0,281539.0,1021.0,133.9,3678.0
Paterson,New-Jersey,145233.0,100,0,32.4,19029.0,266000.0,1232.0,120.9,17203.0
Albuquerque,New-Mexico,560513.0,100,0,37.3,32216.0,211800.0,905.0,93.0,3103.0
Beach-Park,Illinois,13701.0,100,0,37.7,30162.0,156194.0,1498.0,99.4,2134.0
Janesville,Wisconsin,64575.0,99,1,40.5,30593.0,158680.0,896.0,93.2,2345.0
Jackson,Tennessee,67191.0,99,1,34.8,22883.0,117700.0,898.0,85.2,1358.0
Grandview,Missouri,24856.0,100,0,34.7,25417.0,120683.0,852.0,85.7,1688.0
Melbourne,Arkansas,1868.0,0,100,46.4,22920.0,84832.0,511.0,77.4,299.0
Valdosta,Georgia,56457.0,99,1,28.3,22815.0,119374.0,810.0,88.3,1886.0
Meadow,Utah,328.0,0,100,44.7,23755.0,232429.0,661.0,83.1,663.0
Merced,California,83676.0,100,0,30.1,21137.0,268100.0,1111.0,94.1,4213.0
Billings,Montana,109577.0,99,1,37.6,35854.0,232700.0,877.0,89.3,3250.0
Fort-Myers,Florida,87103.0,97,3,37.9,30449.0,263700.0,1107.0,92.6,2737.0
Greenville,Mississippi,29085.0,98,2,37.7,20267.0,84353.0,691.0,79.2,1082.0
Hilo,Hawaii,43263.0,,,40.8,31619.0,358358.0,1075.0,94.3,797.0
Millinocket,Maine,4466.0,,,58.4,30393.0,64727.0,517.0,93.6,822.0
Portland,Oregon,654741.0,100,0,37.5,45035.0,445200.0,1312.0,105.9,4874.0
Bellmawr,New-Jersey,11359.0,100,0,41.6,30989.0,175076.0,924.0,99.7,3748.0
Lubbock,Texas,258862.0,99,1,29.8,28079.0,152800.0,976.0,84.2,2255.0
Charlotte,North-Carolina,885708.0,100,0,34.2,40071.0,252100.0,1174.0,92.7,3656.0
Dalton,Georgia,33665.0,100,0,32.9,25327.0,159789.0,694.0,87.1,1698.0
Dothan,Alabama,68941.0,94,6,41.0,29852.0,162200.0,734.0,80.7,796.0
Vermillion,South-Dakota,10926.0,99,1,23.4,26259.0,176697.0,761.0,80.3,2852.0
Millbrook,Alabama,15896.0,95,5,35.7,34543.0,163099.0,955.0,84.9,1670.0
Worcester,Massachusetts,185428.0,100,0,34.5,28871.0,249600.0,1133.0,129.1,4937.0
Montgomery,Alabama,198525.0,98,2,35.6,27861.0,125000.0,875.0,84.3,1278.0
West-Haven,Connecticut,54620.0,100,0,36.9,30489.0,196061.0,1161.0,128.4,5041.0
Brooklyn,Ohio,10646.0,100,0,40.0,28590.0,119178.0,734.0,94.7,2485.0
Dalhart,Texas,8310.0,97,3,33.0,27799.0,128721.0,829.0,78.2,1936.0
Clinton,Maryland,35970.0,,,43.5,44382.0,330889.0,1946.0,164.1,3048.0
Rockford,Illinois,145609.0,100,0,36.7,24782.0,98900.0,824.0,86.6,2600.0
Waterloo,Iowa,67328.0,97,3,36.3,30030.0,127900.0,798.0,85.0,1109.0
Hopkinsville,Kentucky,30680.0,97,3,36.0,24849.0,128022.0,744.0,86.6,1277.0
Gainesville,Florida,133997.0,99,1,27.0,23700.0,187200.0,965.0,88.6,2781.0
Lake-Wales,Florida,16759.0,93,7,40.3,22216.0,194708.0,837.0,86.4,1256.0
New-Castle,Delaware,5392.0,100,0,51.9,46364.0,203091.0,1282.0,100.8,1768.0
Greenville,South-Carolina,70635.0,100,0,35.4,45750.0,321900.0,1096.0,89.3,2709.0
Richmond,Virginia,230436.0,100,0,34.2,36434.0,249500.0,1078.0,94.2,3836.0
Missoula,Montana,75516.0,99,1,34.6,33194.0,317800.0,910.0,94.2,3173.0
Denver,Colorado,727211.0,100,0,34.7,47802.0,447500.0,1433.0,113.0,4742.0
Altoona,Pennsylvania,43364.0,100,0,38.0,25866.0,95660.0,692.0,91.1,4439.0
Milford,Delaware,11732.0,98,2,39.1,28001.0,199832.0,976.0,81.7,2109.0
Queen-City,Texas,1436.0,57,43,36.7,23330.0,95727.0,620.0,76.4,402.0
Oacoma,South-Dakota,471.0,0,100,50.8,35627.0,155772.0,667.0,77.1,233.0
Des-Plaines,Illinois,58899.0,100,0,43.8,37814.0,272106.0,1167.0,106.2,4084.0
Bismarck,North-Dakota,73529.0,100,0,35.9,36367.0,251600.0,856.0,82.6,2735.0
Trinity,Texas,2756.0,95,5,35.4,15750.0,63082.0,661.0,76.9,729.0
Upper-Marlboro,Maryland,673.0,100,0,38.8,43015.0,250871.0,1885.0,164.6,1648.0
Redding,California,92590.0,99,1,37.4,31794.0,288100.0,1135.0,94.9,1584.0
Atlanta,Georgia,506811.0,100,0,33.3,54414.0,359500.0,1257.0,99.5,3847.0
Norman,Oklahoma,124880.0,90,10,31.2,32706.0,205100.0,856.0,85.8,706.0
Indio,California,91765.0,98,2,42.5,33704.0,323300.0,1246.0,80.8,3438.0
Topsham,Maine,5931.0,,,48.4,38415.0,242622.0,942.0,98.6,538.0
Adrian,Michigan,20600.0,100,0,34.8,20945.0,79500.0,736.0,81.6,2887.0
Clayton,New-Mexico,2681.0,0,100,39.4,21784.0,81796.0,557.0,84.1,569.0
Rome,Georgia,36716.0,98,2,37.1,25627.0,158623.0,741.0,88.3,1250.0
Laurel,Delaware,4356.0,95,5,23.4,15008.0,164346.0,756.0,80.7,2632.0
Sweetwater,Texas,10469.0,93,7,35.6,22254.0,79114.0,721.0,76.5,1045.0
Decatur,Illinois,70746.0,100,0,39.7,26878.0,87800.0,669.0,85.2,1702.0
Midland,Michigan,41701.0,99,1,38.2,39916.0,161651.0,823.0,78.0,1255.0
Manassas,Virginia,41085.0,100,0,34.6,33935.0,344463.0,1552.0,165.3,4136.0
Brunswick,Georgia,16256.0,100,0,36.4,21554.0,118914.0,647.0,88.1,944.0
Talladega,Alabama,15457.0,82,18,38.7,19707.0,98278.0,546.0,77.3,648.0
Parkersburg,West-Virginia,29306.0,100,0,42.1,22405.0,95941.0,612.0,90.6,2480.0
Mason,Tennessee,1531.0,0,100,34.6,14181.0,102263.0,793.0,79.2,1193.0
Mount-Zion,Illinois,5795.0,98,2,38.4,38867.0,162967.0,646.0,85.0,1538.0
Great-Falls,Montana,58434.0,100,0,37.7,27134.0,186507.0,722.0,87.1,2999.0
Kearney,Nebraska,33867.0,99,1,32.0,30915.0,198306.0,790.0,78.3,3085.0
Portland,Texas,17268.0,100,0,37.1,37127.0,172747.0,1391.0,87.6,2475.0
Weirton,West-Virginia,18266.0,97,3,45.6,28934.0,98763.0,705.0,90.5,1022.0
Chandler,Oklahoma,3085.0,83,17,37.9,22249.0,104018.0,590.0,80.2,423.0
Glenview,Illinois,47308.0,100,0,47.0,69491.0,529902.0,1807.0,109.4,3517.0
Davenport,Iowa,101590.0,98,2,38.0,30376.0,137700.0,752.0,85.2,1618.0
Pittsburg,Kansas,20050.0,98,2,26.3,20731.0,95084.0,722.0,76.0,1611.0
Tazewell,Virginia,4141.0,88,12,46.0,25350.0,126264.0,657.0,76.8,1024.0
Elizabeth,New-Jersey,129216.0,100,0,34.8,21905.0,290200.0,1191.0,117.5,10573.0
Norfolk,Nebraska,24449.0,100,0,36.0,29253.0,161172.0,717.0,77.5,2452.0
Fayetteville,Arkansas,87590.0,97,3,27.9,28281.0,216000.0,848.0,83.9,2017.0
West-Des-Moines,Iowa,67899.0,98,2,39.2,49524.0,239600.0,1052.0,90.6,2535.0
Hardeeville,South-Carolina,7278.0,49,51,57.8,44173.0,372229.0,1265.0,85.2,1704.0
The-Dalles,Oregon,19517.0,,,39.3,29302.0,247086.0,,101.0,76.0
Rochester,New-Hampshire,31526.0,82,18,42.6,32991.0,190779.0,1063.0,131.9,698.0
Memphis,Tennessee,651073.0,100,0,34.6,27224.0,115900.0,923.0,85.1,2331.0
Goshen,Indiana,34217.0,100,0,37.9,23611.0,134612.0,814.0,86.7,2594.0
Columbia,South-Carolina,131674.0,100,0,28.6,29887.0,201500.0,909.0,87.5,1052.0
Huntingburg,Indiana,6170.0,91,9,34.9,24571.0,108110.0,595.0,76.0,1701.0
Lahaina,Hawaii,11704.0,,,37.3,28364.0,756618.0,1425.0,112.7,2034.0
Appleton,Wisconsin,74098.0,100,0,33.9,31357.0,165600.0,781.0,92.1,3548.0
San-Fernando,California,24322.0,100,0,36.0,23306.0,476117.0,1449.0,138.6,10198.0
Michigan-City,Indiana,31015.0,98,2,37.2,22209.0,98307.0,732.0,84.5,1582.0
Rapid-City,South-Dakota,77503.0,97,3,39.1,30627.0,207300.0,828.0,83.4,1738.0
Mentone,California,8720.0,,,37.1,32166.0,349726.0,1116.0,81.0,1400.0
Yankton,South-Dakota,14687.0,99,1,42.0,30967.0,164629.0,634.0,78.0,1893.0
Bozeman,Montana,49831.0,99,1,27.6,36304.0,424059.0,1193.0,96.1,3956.0
Oshkosh,Wisconsin,67004.0,100,0,35.5,27173.0,131000.0,788.0,90.7,2835.0
Peoria,Arizona,175961.0,99,1,42.5,35583.0,307800.0,1332.0,95.7,1273.0
Melville,New-York,18985.0,,,50.2,79339.0,726239.0,2397.0,156.5,1677.0
San-Augustine,Texas,1888.0,0,100,47.9,23568.0,103511.0,565.0,79.0,401.0
Hartford,Wisconsin,15445.0,98,2,39.9,28865.0,207898.0,823.0,97.4,2579.0
Racine,Wisconsin,76760.0,100,0,37.6,23298.0,124500.0,792.0,95.0,4940.0
Morgantown,West-Virginia,30549.0,100,0,25.3,26400.0,226762.0,810.0,87.8,3118.0
Mason,Texas,2305.0,0,100,34.2,21567.0,145566.0,805.0,82.2,626.0
Kalamazoo,Michigan,76200.0,100,0,27.8,22158.0,122000.0,819.0,82.4,3087.0
Siren,Wisconsin,774.0,0,100,46.9,25582.0,126881.0,784.0,87.8,701.0
Martinsville,Illinois,1088.0,0,100,33.5,21785.0,76115.0,530.0,86.0,529.0
Colorado-Springs,Colorado,478221.0,99,1,35.6,36384.0,318200.0,1212.0,98.5,2575.0
West-Dundee,Illinois,8113.0,100,0,43.4,45232.0,274579.0,1246.0,104.2,3050.0
Spirit-Lake,Iowa,5155.0,99,1,42.8,36069.0,168038.0,868.0,79.4,1549.0
Wheatland,Wyoming,3462.0,93,7,49.5,45543.0,182187.0,769.0,83.9,817.0
Savannah,Georgia,,,,,,,,,
Haledon,New-Jersey,8293.0,100,0,35.3,31495.0,285578.0,1441.0,119.0,7147.0
Sarasota,Florida,58285.0,100,0,50.3,42257.0,293149.0,1202.0,96.3,3914.0
Sunray,Texas,1812.0,0,100,34.8,26031.0,99793.0,797.0,78.9,1072.0
Providence,Rhode-Island,179883.0,100,0,31.9,28508.0,237200.0,1059.0,94.0,9741.0
Troutdale,Oregon,16183.0,100,0,35.3,33125.0,338700.0,1267.0,101.9,3243.0
Texarkana,Arkansas,29657.0,87,13,40.2,24817.0,127568.0,736.0,80.9,931.0
Flint,Michigan,95538.0,100,0,36.2,19479.0,34400.0,735.0,78.7,2841.0
Greensboro,North-Carolina,296710.0,100,0,34.7,30112.0,169600.0,921.0,91.2,2834.0
Oakley,Kansas,2075.0,0,100,40.3,28944.0,108513.0,696.0,78.8,1098.0
Chula-Vista,California,274492.0,99,1,37.4,33458.0,546400.0,1715.0,135.1,5616.0
McAllen,Texas,143268.0,100,0,35.3,23924.0,129400.0,786.0,81.2,3116.0
Baltimore,Maryland,593490.0,100,0,35.9,32430.0,179100.0,1090.0,129.8,7345.0
Willowick,Ohio,14105.0,100,0,39.9,29745.0,125047.0,842.0,93.7,5607.0
Steamboat-Springs,Colorado,13214.0,87,13,37.4,50074.0,671498.0,1479.0,101.1,1314.0
Beaumont,Texas,116825.0,98,2,34.6,30253.0,126200.0,884.0,81.8,1374.0
Edmond,Oklahoma,94054.0,95,5,39.0,49153.0,264200.0,1055.0,86.0,1105.0
Okawville,Illinois,1360.0,0,100,36.4,35665.0,121590.0,797.0,87.3,671.0
Alpena,Michigan,9956.0,98,2,42.5,24318.0,81680.0,632.0,75.4,1188.0
North-Haven,Connecticut,24093.0,,,47.1,47306.0,301780.0,1322.0,128.8,1159.0
Twin-Falls,Idaho,50197.0,100,0,33.3,26189.0,188320.0,794.0,85.5,4180.0
Covington,Kentucky,40341.0,100,0,36.7,27942.0,122297.0,697.0,87.4,3071.0
Windsor,Colorado,30477.0,89,11,39.4,46828.0,498186.0,1424.0,104.2,2081.0
New-Haven,Michigan,4907.0,100,0,31.5,23666.0,136371.0,1035.0,88.6,2029.0
Enid,Oklahoma,49688.0,95,5,35.4,28256.0,116375.0,864.0,80.5,672.0
Pittsburgh,Pennsylvania,300286.0,100,0,33.3,37278.0,149200.0,1014.0,95.5,5402.0
Bangor,Maine,32262.0,94,6,38.5,33308.0,167416.0,826.0,97.2,937.0
Springfield,Missouri,167882.0,100,0,33.6,24831.0,124000.0,733.0,82.4,2295.0
Woonsocket,Rhode-Island,41751.0,100,0,36.3,25651.0,189999.0,933.0,92.0,5418.0
Marianna,Arkansas,3402.0,93,7,43.7,16868.0,73002.0,507.0,78.6,946.0
Coleman,Wisconsin,688.0,0,100,37.3,26689.0,104933.0,631.0,85.4,611.0
Jackson,Mississippi,160628.0,100,0,34.7,22112.0,91100.0,858.0,83.4,1531.0
Chillicothe,Ohio,21722.0,99,1,40.7,29263.0,120385.0,691.0,77.2,2276.0
California,Maryland,11857.0,,,35.6,39810.0,286001.0,1535.0,83.4,918.0
Bedford,Virginia,6597.0,97,3,34.4,23888.0,151972.0,788.0,84.4,958.0
Covington,Tennessee,8834.0,90,10,35.3,24470.0,128316.0,731.0,85.0,858.0
Buffalo,New-York,255284.0,100,0,32.7,25621.0,117500.0,807.0,101.4,6286.0
Evansville,Indiana,117979.0,100,0,36.7,25212.0,97700.0,804.0,81.7,2898.0
Alton,Texas,18105.0,100,0,28.3,13883.0,79245.0,761.0,81.3,8571.0
Arlington-Heights,Illinois,74760.0,100,0,44.6,51812.0,374100.0,1489.0,107.2,4556.0
Howell,Michigan,9604.0,100,0,39.7,30564.0,189865.0,897.0,90.2,2336.0
El-Campo,Texas,11539.0,96,4,35.8,28662.0,169614.0,811.0,80.7,1545.0
Cranston,Rhode-Island,81456.0,99,1,40.6,36495.0,270600.0,1101.0,92.7,2851.0
Sayreville,New-Jersey,44173.0,100,0,39.9,39126.0,315912.0,1384.0,120.3,2778.0
Sedona,Arizona,10339.0,66,34,62.0,51054.0,573873.0,1355.0,104.4,556.0
West-Park,Florida,15089.0,100,0,35.1,34357.0,300400.0,1483.0,112.2,
Mobile,Alabama,188720.0,99,1,37.5,27432.0,129700.0,876.0,83.5,1601.0
Oak-Grove,Kentucky,7320.0,86,14,24.4,22108.0,122751.0,950.0,87.5,710.0
Chubbuck,Idaho,15588.0,100,0,32.9,23948.0,190514.0,822.0,87.7,4409.0
San-Diego,California,1423851.0,100,0,35.4,43249.0,658400.0,1806.0,139.7,4390.0
Lemont,Illinois,17291.0,100,0,46.2,48969.0,384786.0,1090.0,104.7,2680.0
Huntsville,Alabama,200574.0,97,3,35.8,34274.0,185200.0,846.0,83.4,1152.0
Lake-City,South-Carolina,6497.0,96,4,39.2,18061.0,91332.0,735.0,80.6,1369.0
Bakersfield,California,384145.0,99,1,31.4,28428.0,264500.0,1105.0,91.8,3397.0
Lancaster,Pennsylvania,59265.0,100,0,31.9,23309.0,124560.0,897.0,95.0,8011.0
Jersey-City,New-Jersey,262075.0,100,0,34.1,49085.0,424900.0,1541.0,122.5,17570.0
Victorville,California,122385.0,99,1,30.6,18042.0,258900.0,1231.0,80.4,1682.0
El-Paso,Texas,681728.0,99,1,32.9,22583.0,133600.0,847.0,82.2,2737.0
Boonville,Missouri,8439.0,96,4,38.3,21934.0,120977.0,679.0,75.5,1225.0
Salem,Oregon,174365.0,100,0,34.8,27429.0,286600.0,1060.0,95.6,3813.0
Sault-Ste.-Marie,Michigan,13420.0,89,11,33.5,24892.0,101278.0,711.0,77.2,906.0
New-Brunswick,New-Jersey,55676.0,100,0,24.0,18252.0,261973.0,1528.0,124.2,10652.0
Sealy,Texas,6446.0,91,9,37.9,24746.0,182045.0,962.0,85.1,933.0
Minneapolis,Minnesota,429606.0,100,0,32.2,39617.0,282200.0,1068.0,114.4,7826.0
Fair-Haven,New-Jersey,5736.0,100,0,41.0,78445.0,771973.0,2315.0,123.5,3439.0
Reno,Nevada,255601.0,100,0,35.9,40160.0,378600.0,1149.0,98.3,3698.0
New-Castle,Pennsylvania,21618.0,100,0,41.2,21063.0,67406.0,639.0,83.6,2532.0
Albany,Georgia,72130.0,98,2,34.1,18462.0,108400.0,747.0,88.2,1299.0
Visalia,California,134605.0,100,0,32.8,26429.0,264000.0,1147.0,88.9,4710.0
Hartford,Connecticut,122105.0,100,0,32.5,21842.0,173500.0,995.0,106.4,7056.0
Windsor,Missouri,2784.0,89,11,38.0,20446.0,81115.0,621.0,74.2,1182.0
New-Haven,Connecticut,130250.0,100,0,32.0,26641.0,198200.0,1198.0,130.4,6910.0
Ocala,Florida,60786.0,100,0,38.5,28603.0,163749.0,998.0,84.7,1573.0
Fort-Myers-Beach,Florida,7094.0,100,0,68.5,68523.0,487767.0,1221.0,96.3,2477.0
New-York,New-York,8336817.0,100,0,37.2,43046.0,680800.0,1483.0,162.3,27486.0
Williamsport,Ohio,1074.0,0,100,35.2,19368.0,109188.0,749.0,83.1,801.0
Blackwell,Oklahoma,6562.0,97,3,39.9,23872.0,68557.0,776.0,78.3,1204.0
Fortuna,California,12259.0,100,0,40.8,27900.0,314889.0,935.0,94.9,2546.0
Miami,Florida,467963.0,100,0,40.7,30934.0,358500.0,1298.0,116.2,13118.0
Herrin,Illinois,12687.0,97,3,39.3,28532.0,90371.0,661.0,74.7,1547.0
Grand-Forks,North-Dakota,55839.0,100,0,29.3,32587.0,218753.0,814.0,99.1,2902.0
Macon,Georgia,89981.0,99,1,33.7,23056.0,105248.0,779.0,87.8,1612.0
Alexandria,Virginia,159428.0,100,0,37.1,68439.0,572500.0,1781.0,174.1,10504.0
Plymouth,Connecticut,12243.0,,,41.9,38250.0,200997.0,,138.0,564.0
Odessa,Texas,123334.0,99,1,30.9,29420.0,163200.0,1176.0,82.8,3352.0
Edgewater,Maryland,9023.0,,,43.4,48571.0,371500.0,1789.0,133.0,
Jonesboro,Arkansas,78394.0,94,6,34.6,27996.0,166000.0,731.0,81.1,984.0
Fayetteville,North-Carolina,211657.0,100,0,30.2,25141.0,128000.0,959.0,88.7,3602.0
Callaway,Florida,14060.0,99,1,39.3,25825.0,169279.0,1107.0,86.9,2473.0
Fresno,California,531576.0,100,0,31.8,23739.0,276600.0,1058.0,95.8,5093.0
Battle-Creek,Michigan,51093.0,99,1,36.1,26138.0,90982.0,788.0,81.9,1193.0
West-Jordan,Utah,116480.0,100,0,32.3,29369.0,337600.0,1206.0,91.1,3769.0
Greenville,North-Carolina,93400.0,99,1,28.1,27615.0,165000.0,866.0,88.7,3652.0
Fort-Wayne,Indiana,270402.0,100,0,35.4,27389.0,124400.0,764.0,82.6,3425.0
Niantic,Connecticut,3114.0,,,56.0,54658.0,310876.0,1228.0,108.9,2130.0
Houston,Texas,2320268.0,100,0,33.4,33377.0,195800.0,1095.0,93.8,4004.0
Nampa,Idaho,99277.0,100,0,33.0,23631.0,214000.0,1010.0,92.2,5000.0
Santa-Fe,New-Mexico,84683.0,97,3,44.9,36146.0,303200.0,1091.0,98.6,2268.0
Chicago,Illinois,2693976.0,100,0,35.2,40277.0,275200.0,1134.0,108.9,11861.0
Ironton,Ohio,10532.0,100,0,44.7,22386.0,103469.0,617.0,80.7,2547.0
Alexandria,Kentucky,9715.0,99,1,40.3,36888.0,186073.0,806.0,86.9,1804.0
Harlingen,Texas,65022.0,99,1,30.8,19451.0,93900.0,745.0,79.4,1908.0
Jefferson-City,Missouri,42708.0,99,1,39.8,29172.0,150714.0,711.0,82.5,1567.0
Ventura,California,110873.0,,,36.7,40635.0,611935.0,,99.5,891.0
St.-Cloud,Minnesota,68462.0,98,2,34.1,31252.0,169500.0,870.0,99.2,2270.0
Cedar-Rapids,Iowa,133562.0,99,1,36.7,31960.0,146700.0,758.0,87.0,2115.0
Kane,Pennsylvania,3446.0,98,2,42.6,25162.0,59426.0,603.0,81.9,2208.0
Champaign,Illinois,88909.0,100,0,27.2,28817.0,154600.0,985.0,89.4,5234.0
Fredericksburg,Virginia,29036.0,99,1,30.6,36965.0,388310.0,1278.0,166.2,2761.0
Farmington,New-Mexico,44372.0,97,3,35.0,25093.0,190506.0,795.0,86.9,1670.0
Bend,Oregon,100421.0,100,0,39.8,38438.0,426600.0,1522.0,102.2,3136.0
Virginia-Beach,Virginia,449974.0,98,2,36.6,39269.0,296200.0,1363.0,97.0,1812.0
Eagar,Arizona,4941.0,84,16,38.8,24212.0,214630.0,676.0,84.4,436.0
Flora,Illinois,4852.0,96,4,42.4,26152.0,84393.0,612.0,74.2,1093.0
Panama-City,Florida,34667.0,100,0,40.6,28287.0,177720.0,1084.0,87.4,1690.0
Lancaster,New-Hampshire,1725.0,,,44.2,29391.0,136453.0,807.0,97.8,840.0
Marquette,Michigan,20995.0,98,2,28.4,26983.0,183881.0,837.0,81.7,1841.0
Coos-Bay,Oregon,16361.0,99,1,41.7,31663.0,205809.0,875.0,87.6,1545.0
Cumberland,Maryland,19284.0,100,0,40.5,22837.0,97296.0,614.0,83.7,2126.0
Rancho-Mirage,California,18528.0,99,1,66.9,71608.0,547559.0,1296.0,82.6,762.0
Garden-City,Kansas,26408.0,100,0,31.2,24846.0,160407.0,825.0,77.5,3095.0
Hermleigh,Texas,345.0,,,48.0,26097.0,69704.0,857.0,78.1,38.0
Alexandria,Louisiana,46180.0,100,0,38.9,29990.0,153166.0,858.0,83.2,1748.0
Dover,New-Jersey,17725.0,100,0,37.9,29644.0,282569.0,1502.0,115.1,6615.0
Santa-Clarita,California,212979.0,100,0,38.5,41073.0,584400.0,2044.0,135.1,4453.0
Heyworth,Illinois,2867.0,100,0,39.3,29383.0,158410.0,687.0,87.7,1856.0
Southaven,Mississippi,55780.0,96,4,35.8,28396.0,171475.0,1064.0,86.4,1651.0
Spokane,Washington,222081.0,100,0,37.0,31693.0,228500.0,893.0,92.8,3845.0
Roanoke,Virginia,99143.0,100,0,37.8,27183.0,147300.0,822.0,85.9,2312.0
Athens,Georgia,85116.0,,,24.2,24593.0,203638.0,,100.6,1321.0
Neptune-City,New-Jersey,4596.0,100,0,42.1,41063.0,305140.0,1212.0,120.9,5058.0
Chesapeake,Virginia,244835.0,94,6,37.8,35914.0,290900.0,1225.0,96.5,719.0
Winchester,Virginia,28078.0,100,0,38.8,31152.0,257476.0,1056.0,89.4,3008.0
Wausau,Wisconsin,38561.0,99,1,39.4,30383.0,129075.0,714.0,90.3,2339.0
Eufaula,Alabama,11709.0,69,31,38.4,22293.0,138244.0,589.0,80.1,197.0
Santa-Maria,California,107263.0,100,0,28.7,22115.0,373200.0,1371.0,109.9,5550.0
Spring-Hill,Florida,113787.0,100,0,45.4,26221.0,174800.0,1087.0,93.5,2142.0
Cicero,New-York,31632.0,,,39.9,34747.0,155146.0,,105.6,653.0
Richland,Missouri,1795.0,0,100,41.5,27002.0,89450.0,470.0,75.7,791.0
Newport-News,Virginia,179225.0,100,0,33.4,29612.0,186600.0,1088.0,95.9,2624.0
Pine-Hill,New-Jersey,10417.0,100,0,38.0,35478.0,142921.0,1050.0,99.4,2651.0
Dunbar,West-Virginia,7093.0,100,0,44.0,26982.0,93414.0,815.0,85.3,2500.0
Lafayette,Louisiana,126185.0,100,0,37.6,35120.0,202600.0,853.0,84.7,2651.0
Wilton,Connecticut,18062.0,,,42.9,100923.0,924882.0,,152.7,670.0
Dubuque,Iowa,57882.0,100,0,37.8,29479.0,147457.0,833.0,84.9,2186.0
Charleston,West-Virginia,46536.0,98,2,41.9,35842.0,138413.0,700.0,85.4,1473.0
Shreveport,Louisiana,187112.0,100,0,36.1,28252.0,152000.0,830.0,84.6,1814.0
West-Plains,Missouri,12304.0,92,8,36.4,23463.0,106550.0,627.0,74.4,995.0
Abilene,Texas,123420.0,96,4,32.4,25375.0,138400.0,899.0,82.2,1174.0
Bridgeport,West-Virginia,8842.0,98,2,45.2,42997.0,234138.0,1091.0,86.9,1065.0
Clementon,New-Jersey,4957.0,100,0,34.8,26530.0,140729.0,991.0,99.3,2621.0
Beaumont,California,51063.0,99,1,35.1,30688.0,351900.0,1437.0,80.5,1879.0
Dayton,Ohio,140407.0,100,0,33.0,19696.0,67900.0,730.0,93.3,2517.0
Norfolk,Virginia,242742.0,100,0,31.1,29408.0,218000.0,1021.0,96.5,4518.0
Burnsville,North-Carolina,1647.0,0,100,43.3,25712.0,211568.0,556.0,82.1,1043.0
Manchester,New-Hampshire,112673.0,100,0,38.7,34630.0,253900.0,1184.0,119.6,3413.0
Harahan,Louisiana,9250.0,100,0,44.8,36227.0,255622.0,1024.0,96.5,4701.0
Bettendorf,Iowa,36543.0,100,0,40.5,46343.0,239657.0,893.0,86.0,1721.0
Dayton,Kentucky,5609.0,100,0,37.4,29592.0,110795.0,795.0,87.2,4226.0
New-Iberia,Louisiana,28454.0,99,1,37.2,21993.0,114600.0,796.0,79.3,2694.0
Charleston,Illinois,20117.0,99,1,26.8,26412.0,112774.0,730.0,76.9,2517.0
Canyon,Texas,15945.0,99,1,26.8,28162.0,173657.0,866.0,83.6,3220.0
Logan,Utah,51542.0,100,0,24.8,19839.0,234675.0,809.0,89.4,3120.0
Dodge-City,Kansas,27104.0,98,2,30.3,22818.0,117216.0,796.0,76.2,2149.0
Hephzibah,Georgia,3944.0,16,84,42.8,27533.0,133376.0,920.0,80.7,204.0
Osseo,Wisconsin,1676.0,0,100,40.5,28409.0,135616.0,688.0,86.0,813.0
Boulder,Colorado,105673.0,100,0,28.9,48185.0,795000.0,1658.0,123.3,4335.0
Anaheim,California,350365.0,100,0,35.2,31368.0,630500.0,1733.0,88.4,7159.0
Kingsport,Tennessee,54127.0,98,2,44.9,32843.0,162103.0,651.0,80.9,1228.0
Fairview-Heights,Illinois,16303.0,100,0,40.3,37586.0,148200.0,902.0,90.0,1462.0
Dunn-Loring,Virginia,8803.0,,,42.2,71063.0,772023.0,2898.0,173.3,4318.0
Austin,Indiana,4118.0,99,1,42.2,16334.0,79376.0,800.0,77.2,1697.0
Riverhead,New-York,13299.0,,,42.5,34719.0,361928.0,1427.0,154.2,881.0
Brawley,California,26227.0,100,0,30.5,17931.0,221509.0,808.0,93.9,4499.0
Center,Texas,5175.0,96,4,25.1,16766.0,83529.0,581.0,76.3,830.0
Murdo,South-Dakota,,,,,,,,,
Big-Lake,Texas,3367.0,98,2,29.9,25643.0,109320.0,923.0,77.4,2716.0
Clarkston,Washington,7375.0,100,0,36.3,23119.0,163501.0,804.0,89.3,3825.0
Port-Charlotte,Florida,65951.0,99,1,50.4,26497.0,193700.0,1021.0,90.6,2962.0
Marion,Illinois,17520.0,97,3,39.1,31416.0,119018.0,765.0,76.7,1366.0
Marina,California,22781.0,99,1,34.5,31923.0,598699.0,1554.0,110.8,2605.0
Westbrook,Maine,19074.0,96,4,39.1,35342.0,250738.0,1080.0,102.1,1131.0
Escanaba,Michigan,12160.0,100,0,43.5,24311.0,94271.0,573.0,76.2,961.0
Rayville,Louisiana,3474.0,100,0,32.0,13291.0,74918.0,646.0,78.3,1543.0
Bargersville,Indiana,8076.0,97,3,34.6,48944.0,246920.0,985.0,87.5,7395.0
Knoxville,Tennessee,187603.0,100,0,34.2,27234.0,155400.0,871.0,86.2,2025.0
Eureka,California,26710.0,100,0,38.0,32558.0,312667.0,939.0,96.7,2826.0
Roswell,New-Mexico,47551.0,99,1,35.8,22625.0,96108.0,743.0,81.0,1643.0
Casper,Wyoming,57931.0,100,0,37.7,32760.0,223996.0,768.0,80.7,2419.0
Elizabethtown,Kentucky,30289.0,98,2,37.7,30828.0,181839.0,808.0,84.6,1258.0
Bloomfield,Indiana,2300.0,98,2,43.2,28200.0,91596.0,483.0,83.3,1666.0
Monroe,Louisiana,47294.0,100,0,34.0,22516.0,142455.0,682.0,84.4,1649.0
Sedalia,Missouri,21629.0,99,1,36.4,23250.0,96718.0,707.0,75.6,1809.0
Houghton,Michigan,7754.0,100,0,22.2,16962.0,170366.0,677.0,83.2,1798.0
Waynesville,North-Carolina,10141.0,94,6,49.3,30496.0,181216.0,835.0,90.8,1309.0
International-Falls,Minnesota,5811.0,96,4,47.0,26290.0,97182.0,666.0,74.6,927.0
Harrisonburg,Virginia,53016.0,100,0,25.5,23975.0,214189.0,956.0,87.5,3019.0
